-- phpMyAdmin SQL Dump
-- version 4.5.1
-- http://www.phpmyadmin.net
--
-- Host: 127.0.0.1
-- Generation Time: Jan 02, 2017 at 11:49 PM
-- Server version: 10.1.9-MariaDB
-- PHP Version: 5.6.15

SET SQL_MODE = "NO_AUTO_VALUE_ON_ZERO";
SET time_zone = "+00:00";


/*!40101 SET @OLD_CHARACTER_SET_CLIENT=@@CHARACTER_SET_CLIENT */;
/*!40101 SET @OLD_CHARACTER_SET_RESULTS=@@CHARACTER_SET_RESULTS */;
/*!40101 SET @OLD_COLLATION_CONNECTION=@@COLLATION_CONNECTION */;
/*!40101 SET NAMES utf8mb4 */;

--
-- Database: `fincoda2`
--

-- --------------------------------------------------------

--
-- Table structure for table `companies`
--

CREATE TABLE `companies` (
  `id` int(10) UNSIGNED NOT NULL,
  `name` varchar(255) COLLATE utf8_unicode_ci NOT NULL,
  `company_code` varchar(255) COLLATE utf8_unicode_ci NOT NULL,
  `slug` varchar(255) COLLATE utf8_unicode_ci NOT NULL,
  `created_at` timestamp NULL DEFAULT NULL,
  `updated_at` timestamp NULL DEFAULT NULL
) ENGINE=InnoDB DEFAULT CHARSET=utf8 COLLATE=utf8_unicode_ci;

--
-- Dumping data for table `companies`
--

INSERT INTO `companies` (`id`, `name`, `company_code`, `slug`, `created_at`, `updated_at`) VALUES
(1, 'Fincoda Corporation', 'FINCODA_skdjfksjd123', 'fincoda_corporation', '2016-09-04 18:23:54', '2016-10-05 17:57:01'),
(5, 'test company', 'TEST_esR75vvwyqE7', 'test_company', '2016-12-01 18:19:25', '2016-12-01 18:19:25'),
(7, 'test companys', 'TEST_GkBaXtIa6rDJ', 'test_companys', '2016-12-01 18:48:11', '2016-12-01 18:48:11');

-- --------------------------------------------------------

--
-- Table structure for table `company_profiles`
--

CREATE TABLE `company_profiles` (
  `id` int(10) UNSIGNED NOT NULL,
  `company_id` int(10) UNSIGNED NOT NULL,
  `type` varchar(255) COLLATE utf8_unicode_ci NOT NULL,
  `country` varchar(255) COLLATE utf8_unicode_ci NOT NULL,
  `city` varchar(255) COLLATE utf8_unicode_ci NOT NULL,
  `street` varchar(255) COLLATE utf8_unicode_ci NOT NULL,
  `email` varchar(255) COLLATE utf8_unicode_ci NOT NULL,
  `phone` int(11) NOT NULL,
  `postcode` int(11) NOT NULL,
  `time_zone` varchar(255) COLLATE utf8_unicode_ci NOT NULL,
  `created_at` timestamp NULL DEFAULT NULL,
  `updated_at` timestamp NULL DEFAULT NULL
) ENGINE=InnoDB DEFAULT CHARSET=utf8 COLLATE=utf8_unicode_ci;

--
-- Dumping data for table `company_profiles`
--

INSERT INTO `company_profiles` (`id`, `company_id`, `type`, `country`, `city`, `street`, `email`, `phone`, `postcode`, `time_zone`, `created_at`, `updated_at`) VALUES
(1, 1, 'education', 'Ascension Island', 'Turku', 'joukahaisenkatu', 'fincoda@corporation.com', 234556678, 20567, 'Europe/Helsinki', '2016-09-04 18:24:33', '2016-11-14 10:59:10'),
(5, 5, 'education', 'Finland', 'ny', '20 safe drive', '', 2147483647, 0, 'America/St_Thomas', '2016-12-01 18:19:25', '2016-12-01 18:19:25'),
(6, 7, 'education', 'Finland', 'ny', '20 safe drive', '', 2147483647, 0, 'Europe/Helsinki', '2016-12-01 18:48:11', '2016-12-01 18:48:11');

-- --------------------------------------------------------

--
-- Table structure for table `indicators`
--

CREATE TABLE `indicators` (
  `id` int(10) UNSIGNED NOT NULL,
  `indicator` varchar(255) COLLATE utf8_unicode_ci NOT NULL,
  `group_id` int(10) UNSIGNED NOT NULL
) ENGINE=InnoDB DEFAULT CHARSET=utf8 COLLATE=utf8_unicode_ci;

--
-- Dumping data for table `indicators`
--

INSERT INTO `indicators` (`id`, `indicator`, `group_id`) VALUES
(1, 'Think differently and adopt different perspectives.', 1),
(2, 'Be attentive when others are speaking, and respond effectively to others’ comments during the conversation.', 4),
(3, 'Use intuition and own knowledge to start actions.', 1),
(4, 'Invite feedback and comments .', 4),
(5, 'Foster improvements in work organization.', 3),
(6, 'Obtain constructive comments from colleagues.', 4),
(7, 'Find new ways to implement ideas.', 1),
(8, 'Identify sources of conflict between oneself and others, or among other people, and to take steps to overcome disharmony', 4),
(9, 'Take an acceptable level of risk to support new ideas .', 3),
(10, 'Go beyond expectations in the assignment, task, or job description without being asked  .', 3),
(11, 'Meet people with different kinds of ideas and perspectives to extend your own knowledge domains .', 5),
(12, 'Convince people to support an innovative idea .', 3),
(13, 'Systematically introduce new ideas into work practices.', 3),
(14, 'Act quickly and energetically.', 3),
(15, 'Generate original solutions for problems or to opportunities.', 1),
(16, 'Use trial and error for problem solving.', 2),
(17, 'Develop and experiment with new ways of problem solving .', 2),
(18, 'Acquire, assimilate, transform and exploit external knowledge to establish, manage and learn from informal organisational ties .', 5),
(19, 'Challenge the status quo.', 2),
(20, 'Face the task from different points of view.', 2),
(21, 'Make suggestions to improve current process products or services.', 1),
(22, 'Present novel ideas.', 1),
(23, 'Forecast impact on users.', 2),
(24, 'Show inventiveness in using resources.', 1),
(25, 'Search out new working methods, techniques or instruments.', 1),
(26, 'Provide constructive feedback, cooperation, coaching or help to team colleagues.', 4),
(27, 'Work well with others, understanding their needs and being sympathetic with them.', 4),
(28, 'Share timely information with the appropriate stakeholders.', 4),
(29, 'Consult about essential changes .', 4),
(30, 'Build relationships outside the team/organization.', 5),
(31, 'Refine ideas into a useful form.', 1),
(32, 'Engage outsiders of the core work group from the beginning.', 5),
(33, 'Ask “Why?” and “Why not?” and “What if?” with a purpose', 2),
(34, 'Work in multidisciplinary environments ', 5);

-- --------------------------------------------------------

--
-- Table structure for table `indicator_groups`
--

CREATE TABLE `indicator_groups` (
  `id` int(10) UNSIGNED NOT NULL,
  `name` varchar(255) COLLATE utf8_unicode_ci NOT NULL
) ENGINE=InnoDB DEFAULT CHARSET=utf8 COLLATE=utf8_unicode_ci;

--
-- Dumping data for table `indicator_groups`
--

INSERT INTO `indicator_groups` (`id`, `name`) VALUES
(1, 'CREATIVITY'),
(2, 'CRITICAL THINKING'),
(3, 'INITIATIVE'),
(4, 'TEAMWORK'),
(5, 'NETWORKING');

-- --------------------------------------------------------

--
-- Table structure for table `migrations`
--

CREATE TABLE `migrations` (
  `migration` varchar(255) COLLATE utf8_unicode_ci NOT NULL,
  `batch` int(11) NOT NULL
) ENGINE=InnoDB DEFAULT CHARSET=utf8 COLLATE=utf8_unicode_ci;

--
-- Dumping data for table `migrations`
--

INSERT INTO `migrations` (`migration`, `batch`) VALUES
('2014_10_12_000000_create_users_table', 1),
('2014_10_12_100000_create_password_resets_table', 1),
('2016_05_11_201305_entrust_setup_tables', 1),
('2016_05_19_164743_create_companies_table', 1),
('2016_05_19_170513_create_company_profiles_tables', 1),
('2016_05_19_171832_create_table_user_profiles', 1),
('2016_05_22_195321_create_indicator_group_table', 1),
('2016_05_22_195630_create_indicator_tables', 1),
('2016_05_22_211307_create_survey_type_table', 1),
('2016_05_23_065232_create_survey_categories_table', 1),
('2016_06_01_123855_create_surveys_table', 1),
('2016_06_01_130339_create_participants_table', 1),
('2016_06_06_070251_create_user_group_table', 1),
('2016_06_06_072329_create_user_in_groups', 1),
('2016_06_11_120242_results', 1),
('2016_06_17_075924_create_peer_survey_table', 1),
('2016_06_17_075952_create_peer_result_table', 1);

-- --------------------------------------------------------

--
-- Table structure for table `participants`
--

CREATE TABLE `participants` (
  `id` int(10) UNSIGNED NOT NULL,
  `survey_id` int(10) UNSIGNED NOT NULL,
  `user_id` int(10) UNSIGNED NOT NULL,
  `reminder` tinyint(1) NOT NULL DEFAULT '0',
  `completed` tinyint(1) NOT NULL DEFAULT '0',
  `created_at` timestamp NULL DEFAULT NULL,
  `updated_at` timestamp NULL DEFAULT NULL
) ENGINE=InnoDB DEFAULT CHARSET=utf8 COLLATE=utf8_unicode_ci;

--
-- Dumping data for table `participants`
--

INSERT INTO `participants` (`id`, `survey_id`, `user_id`, `reminder`, `completed`, `created_at`, `updated_at`) VALUES
(25, 101, 2, 0, 3, '2016-11-15 09:55:59', '2016-11-15 10:52:58'),
(26, 101, 3, 0, 3, '2016-11-15 09:55:59', '2016-11-15 10:53:36'),
(27, 101, 15, 0, 3, '2016-11-15 09:55:59', '2016-11-15 10:54:17'),
(28, 101, 16, 0, 3, '2016-11-15 09:55:59', '2016-11-15 10:54:57'),
(29, 101, 17, 0, 3, '2016-11-15 09:56:00', '2016-11-15 10:55:36'),
(30, 101, 18, 0, 3, '2016-11-15 09:56:00', '2016-11-15 12:29:57'),
(31, 101, 19, 0, 3, '2016-11-15 09:56:00', '2016-11-15 12:30:43'),
(32, 101, 20, 0, 0, '2016-11-15 09:56:00', '2016-11-15 09:56:00'),
(35, 101, 23, 0, 0, '2016-11-15 09:56:00', '2016-11-15 09:56:00'),
(38, 102, 17, 0, 1, '2016-11-15 12:38:49', '2016-11-15 12:52:35'),
(39, 102, 18, 0, 1, '2016-11-15 12:38:50', '2016-11-15 12:58:26'),
(40, 102, 19, 0, 1, '2016-11-15 12:38:51', '2016-11-15 13:02:18'),
(41, 102, 3, 0, 1, '2016-11-15 12:38:52', '2016-11-15 12:44:49'),
(42, 102, 15, 0, 1, NULL, '2016-11-15 12:46:55'),
(43, 102, 16, 0, 1, NULL, '2016-11-15 12:49:24'),
(46, 103, 17, 0, 3, '2016-11-15 12:41:02', '2016-11-15 13:24:09'),
(47, 103, 18, 0, 3, '2016-11-15 12:41:03', '2016-11-15 13:24:49'),
(48, 103, 19, 0, 3, '2016-11-15 12:41:04', '2016-11-15 13:25:30'),
(49, 103, 3, 0, 5, '2016-11-15 12:41:06', '2016-11-15 13:03:07'),
(50, 103, 15, 0, 3, NULL, '2016-11-15 13:03:52'),
(51, 103, 16, 0, 3, NULL, '2016-11-15 13:04:40'),
(68, 101, 21, 0, 0, NULL, '2016-11-19 12:38:49'),
(69, 101, 22, 0, 0, NULL, '2016-11-19 12:38:50'),
(71, 106, 2, 0, 0, '2016-11-19 12:40:14', '2016-11-19 12:40:14'),
(72, 106, 3, 0, 0, '2016-11-19 12:40:14', '2016-11-19 12:40:14'),
(73, 106, 15, 0, 0, '2016-11-19 12:40:14', '2016-11-19 12:40:14'),
(74, 106, 16, 0, 0, '2016-11-19 12:40:14', '2016-11-19 12:40:14'),
(75, 106, 17, 0, 0, '2016-11-19 12:40:14', '2016-11-19 12:40:14'),
(76, 106, 18, 0, 0, '2016-11-19 12:40:14', '2016-11-19 12:40:14'),
(77, 106, 19, 0, 0, '2016-11-19 12:40:14', '2016-11-19 12:40:14'),
(78, 106, 20, 0, 0, '2016-11-19 12:40:14', '2016-11-19 12:40:14'),
(79, 106, 21, 0, 0, '2016-11-19 12:40:14', '2016-11-19 12:40:14'),
(80, 106, 22, 0, 0, '2016-11-19 12:40:14', '2016-11-19 12:40:14'),
(81, 106, 23, 0, 0, '2016-11-19 12:40:14', '2016-11-19 12:40:14'),
(82, 107, 15, 0, 0, '2016-11-21 11:52:07', '2016-11-21 11:52:07'),
(83, 107, 16, 0, 0, '2016-11-21 11:52:13', '2016-11-21 11:52:13'),
(84, 107, 17, 0, 0, '2016-11-21 11:52:14', '2016-11-21 11:52:14'),
(85, 107, 18, 0, 0, '2016-11-21 11:52:16', '2016-11-21 11:52:16'),
(86, 107, 19, 0, 0, '2016-11-21 11:52:17', '2016-11-21 11:52:17'),
(87, 107, 3, 0, 0, '2016-11-21 11:52:18', '2016-11-21 11:52:18'),
(88, 108, 15, 0, 0, '2016-11-21 11:53:54', '2016-11-21 11:53:54'),
(89, 108, 16, 0, 0, '2016-11-21 11:53:56', '2016-11-21 11:53:56'),
(90, 108, 17, 0, 0, '2016-11-21 11:53:57', '2016-11-21 11:53:57'),
(91, 108, 18, 0, 0, '2016-11-21 11:53:59', '2016-11-21 11:53:59'),
(93, 108, 3, 0, 0, '2016-11-21 11:54:01', '2016-11-21 11:54:01'),
(94, 108, 20, 0, 0, NULL, '2016-11-21 11:57:34'),
(95, 108, 21, 0, 0, NULL, '2016-11-21 11:57:35'),
(96, 109, 2, 0, 1, '2016-12-01 10:06:29', '2016-12-01 10:10:35'),
(97, 109, 3, 0, 1, '2016-12-01 10:06:29', '2016-12-01 10:09:04'),
(98, 109, 15, 0, 0, '2016-12-01 10:06:29', '2016-12-01 10:06:29'),
(99, 109, 16, 0, 0, '2016-12-01 10:06:29', '2016-12-01 10:06:29'),
(100, 109, 17, 0, 1, '2016-12-01 10:06:29', '2016-12-01 10:13:00'),
(101, 109, 18, 0, 0, '2016-12-01 10:06:29', '2016-12-01 10:06:29'),
(102, 109, 19, 0, 0, '2016-12-01 10:06:29', '2016-12-01 10:06:29'),
(103, 109, 20, 0, 0, '2016-12-01 10:06:29', '2016-12-01 10:06:29'),
(104, 109, 21, 0, 0, '2016-12-01 10:06:29', '2016-12-01 10:06:29'),
(105, 109, 22, 0, 0, '2016-12-01 10:06:29', '2016-12-01 10:06:29'),
(106, 109, 23, 0, 0, '2016-12-01 10:06:29', '2016-12-01 10:06:29'),
(107, 110, 2, 0, 3, '2016-12-01 11:05:34', '2016-12-01 11:28:03'),
(108, 110, 3, 0, 3, '2016-12-01 11:05:34', '2016-12-01 11:26:59'),
(109, 110, 15, 0, 0, '2016-12-01 11:05:34', '2016-12-01 11:05:34'),
(110, 110, 16, 0, 0, '2016-12-01 11:05:34', '2016-12-01 11:05:34'),
(111, 110, 17, 0, 3, '2016-12-01 11:05:34', '2016-12-01 11:34:48'),
(112, 110, 18, 0, 0, '2016-12-01 11:05:34', '2016-12-01 11:05:34'),
(113, 110, 19, 0, 0, '2016-12-01 11:05:34', '2016-12-01 11:05:34'),
(114, 110, 20, 0, 0, '2016-12-01 11:05:34', '2016-12-01 11:05:34'),
(115, 110, 21, 0, 0, '2016-12-01 11:05:34', '2016-12-01 11:05:34'),
(116, 110, 22, 0, 0, '2016-12-01 11:05:34', '2016-12-01 11:05:34'),
(117, 110, 23, 0, 0, '2016-12-01 11:05:34', '2016-12-01 11:05:34'),
(118, 111, 15, 0, 0, '2016-12-01 12:43:42', '2016-12-01 12:43:42'),
(119, 111, 16, 0, 0, '2016-12-01 12:43:46', '2016-12-01 12:43:46'),
(120, 111, 17, 0, 1, '2016-12-01 12:43:47', '2016-12-01 12:48:28'),
(121, 111, 18, 0, 1, '2016-12-01 12:43:48', '2016-12-01 12:49:49'),
(122, 111, 19, 0, 0, '2016-12-01 12:43:49', '2016-12-01 12:43:49'),
(123, 111, 3, 0, 1, '2016-12-01 12:43:51', '2016-12-01 12:47:00'),
(124, 111, 20, 0, 0, '2016-12-01 12:43:52', '2016-12-01 12:43:52'),
(125, 111, 21, 0, 0, '2016-12-01 12:43:53', '2016-12-01 12:43:53'),
(126, 112, 15, 0, 0, '2016-12-01 13:45:10', '2016-12-01 13:45:10'),
(127, 112, 16, 0, 3, '2016-12-01 13:45:12', '2016-12-01 14:00:37'),
(128, 112, 17, 0, 3, '2016-12-01 13:45:13', '2016-12-01 13:59:05'),
(129, 112, 18, 0, 0, '2016-12-01 13:45:14', '2016-12-01 13:45:14'),
(130, 112, 19, 0, 0, '2016-12-01 13:45:16', '2016-12-01 13:45:16'),
(131, 112, 3, 0, 3, '2016-12-01 13:45:17', '2016-12-01 14:00:05'),
(132, 112, 20, 0, 0, '2016-12-01 13:45:18', '2016-12-01 13:45:18'),
(133, 112, 21, 0, 0, '2016-12-01 13:45:19', '2016-12-01 13:45:19'),
(178, 117, 2, 0, 3, '2017-01-02 20:50:11', '2017-01-02 21:27:15'),
(179, 117, 3, 0, 3, '2017-01-02 20:50:11', '2017-01-02 21:24:43'),
(180, 117, 15, 0, 3, '2017-01-02 20:50:11', '2017-01-02 21:32:14'),
(181, 117, 16, 0, 3, '2017-01-02 20:50:11', '2017-01-02 21:33:22'),
(182, 117, 17, 0, 3, '2017-01-02 20:50:11', '2017-01-02 21:36:59'),
(183, 117, 18, 0, 0, '2017-01-02 20:50:11', '2017-01-02 20:50:11'),
(184, 117, 19, 0, 0, '2017-01-02 20:50:11', '2017-01-02 20:50:11'),
(185, 117, 20, 0, 0, '2017-01-02 20:50:11', '2017-01-02 20:50:11'),
(186, 117, 21, 0, 0, '2017-01-02 20:50:11', '2017-01-02 20:50:11'),
(187, 117, 22, 0, 0, '2017-01-02 20:50:11', '2017-01-02 20:50:11'),
(188, 117, 23, 0, 0, '2017-01-02 20:50:11', '2017-01-02 20:50:11'),
(189, 118, 15, 0, 5, '2017-01-02 21:48:47', '2017-01-02 22:29:07'),
(190, 118, 16, 0, 5, '2017-01-02 21:48:49', '2017-01-02 22:29:50'),
(191, 118, 17, 0, 5, '2017-01-02 21:48:50', '2017-01-02 22:30:46'),
(192, 118, 18, 0, 0, '2017-01-02 21:48:51', '2017-01-02 21:48:51'),
(193, 118, 19, 0, 0, '2017-01-02 21:48:52', '2017-01-02 21:48:52'),
(194, 118, 3, 0, 5, '2017-01-02 21:48:54', '2017-01-02 22:28:21'),
(195, 118, 20, 0, 0, '2017-01-02 21:48:55', '2017-01-02 21:48:55'),
(196, 118, 21, 0, 0, '2017-01-02 21:48:56', '2017-01-02 21:48:56');

-- --------------------------------------------------------

--
-- Table structure for table `password_resets`
--

CREATE TABLE `password_resets` (
  `email` varchar(255) COLLATE utf8_unicode_ci NOT NULL,
  `token` varchar(255) COLLATE utf8_unicode_ci NOT NULL,
  `created_at` timestamp NOT NULL DEFAULT CURRENT_TIMESTAMP ON UPDATE CURRENT_TIMESTAMP
) ENGINE=InnoDB DEFAULT CHARSET=utf8 COLLATE=utf8_unicode_ci;

--
-- Dumping data for table `password_resets`
--

INSERT INTO `password_resets` (`email`, `token`, `created_at`) VALUES
('admin@fincoda.com', '2aee07dcdc360918663e8a4803acd237d362c237f742f923fe940e4b8fecd1e1', '2016-10-06 11:33:32');

-- --------------------------------------------------------

--
-- Table structure for table `peer_results`
--

CREATE TABLE `peer_results` (
  `id` int(10) UNSIGNED NOT NULL,
  `peer_survey_id` int(10) UNSIGNED NOT NULL,
  `user_id` int(10) UNSIGNED NOT NULL,
  `peer_id` int(10) UNSIGNED NOT NULL,
  `indicator_id` int(10) UNSIGNED NOT NULL,
  `answer` int(11) NOT NULL,
  `created_at` timestamp NULL DEFAULT NULL,
  `updated_at` timestamp NULL DEFAULT NULL
) ENGINE=InnoDB DEFAULT CHARSET=utf8 COLLATE=utf8_unicode_ci;

--
-- Dumping data for table `peer_results`
--

INSERT INTO `peer_results` (`id`, `peer_survey_id`, `user_id`, `peer_id`, `indicator_id`, `answer`, `created_at`, `updated_at`) VALUES
(1, 101, 2, 15, 1, 3, NULL, NULL),
(2, 101, 2, 15, 2, 3, NULL, NULL),
(3, 101, 2, 15, 3, 4, NULL, NULL),
(4, 101, 2, 15, 4, 4, NULL, NULL),
(5, 101, 2, 15, 5, 4, NULL, NULL),
(6, 101, 2, 15, 6, 5, NULL, NULL),
(7, 101, 2, 15, 7, 4, NULL, NULL),
(8, 101, 2, 15, 8, 4, NULL, NULL),
(9, 101, 2, 15, 9, 3, NULL, NULL),
(10, 101, 2, 15, 10, 4, NULL, NULL),
(11, 101, 2, 15, 11, 4, NULL, NULL),
(12, 101, 2, 15, 12, 5, NULL, NULL),
(13, 101, 2, 15, 13, 4, NULL, NULL),
(14, 101, 2, 15, 14, 3, NULL, NULL),
(15, 101, 2, 15, 15, 4, NULL, NULL),
(16, 101, 2, 15, 16, 5, NULL, NULL),
(17, 101, 2, 15, 17, 4, NULL, NULL),
(18, 101, 2, 15, 18, 3, NULL, NULL),
(19, 101, 2, 15, 19, 3, NULL, NULL),
(20, 101, 2, 15, 20, 4, NULL, NULL),
(21, 101, 2, 15, 21, 5, NULL, NULL),
(22, 101, 2, 15, 22, 4, NULL, NULL),
(23, 101, 2, 15, 23, 3, NULL, NULL),
(24, 101, 2, 15, 24, 3, NULL, NULL),
(25, 101, 2, 15, 25, 3, NULL, NULL),
(26, 101, 2, 15, 26, 4, NULL, NULL),
(27, 101, 2, 15, 27, 5, NULL, NULL),
(28, 101, 2, 15, 28, 4, NULL, NULL),
(29, 101, 2, 15, 29, 3, NULL, NULL),
(30, 101, 2, 15, 30, 3, NULL, NULL),
(31, 101, 2, 15, 31, 4, NULL, NULL),
(32, 101, 2, 15, 32, 5, NULL, NULL),
(33, 101, 2, 15, 33, 4, NULL, NULL),
(34, 101, 2, 15, 34, 4, NULL, NULL),
(35, 101, 3, 15, 1, 3, NULL, NULL),
(36, 101, 3, 15, 2, 3, NULL, NULL),
(37, 101, 3, 15, 3, 2, NULL, NULL),
(38, 101, 3, 15, 4, 2, NULL, NULL),
(39, 101, 3, 15, 5, 3, NULL, NULL),
(40, 101, 3, 15, 6, 4, NULL, NULL),
(41, 101, 3, 15, 7, 4, NULL, NULL),
(42, 101, 3, 15, 8, 4, NULL, NULL),
(43, 101, 3, 15, 9, 3, NULL, NULL),
(44, 101, 3, 15, 10, 3, NULL, NULL),
(45, 101, 3, 15, 11, 4, NULL, NULL),
(46, 101, 3, 15, 12, 5, NULL, NULL),
(47, 101, 3, 15, 13, 4, NULL, NULL),
(48, 101, 3, 15, 14, 3, NULL, NULL),
(49, 101, 3, 15, 15, 3, NULL, NULL),
(50, 101, 3, 15, 16, 4, NULL, NULL),
(51, 101, 3, 15, 17, 4, NULL, NULL),
(52, 101, 3, 15, 18, 5, NULL, NULL),
(53, 101, 3, 15, 19, 4, NULL, NULL),
(54, 101, 3, 15, 20, 3, NULL, NULL),
(55, 101, 3, 15, 21, 4, NULL, NULL),
(56, 101, 3, 15, 22, 3, NULL, NULL),
(57, 101, 3, 15, 23, 4, NULL, NULL),
(58, 101, 3, 15, 24, 5, NULL, NULL),
(59, 101, 3, 15, 25, 4, NULL, NULL),
(60, 101, 3, 15, 26, 4, NULL, NULL),
(61, 101, 3, 15, 27, 3, NULL, NULL),
(62, 101, 3, 15, 28, 3, NULL, NULL),
(63, 101, 3, 15, 29, 4, NULL, NULL),
(64, 101, 3, 15, 30, 5, NULL, NULL),
(65, 101, 3, 15, 31, 4, NULL, NULL),
(66, 101, 3, 15, 32, 3, NULL, NULL),
(67, 101, 3, 15, 33, 3, NULL, NULL),
(68, 101, 3, 15, 34, 4, NULL, NULL),
(69, 101, 2, 16, 1, 4, NULL, NULL),
(70, 101, 2, 16, 2, 4, NULL, NULL),
(71, 101, 2, 16, 3, 4, NULL, NULL),
(72, 101, 2, 16, 4, 3, NULL, NULL),
(73, 101, 2, 16, 5, 4, NULL, NULL),
(74, 101, 2, 16, 6, 4, NULL, NULL),
(75, 101, 2, 16, 7, 4, NULL, NULL),
(76, 101, 2, 16, 8, 3, NULL, NULL),
(77, 101, 2, 16, 9, 4, NULL, NULL),
(78, 101, 2, 16, 10, 4, NULL, NULL),
(79, 101, 2, 16, 11, 3, NULL, NULL),
(80, 101, 2, 16, 12, 3, NULL, NULL),
(81, 101, 2, 16, 13, 4, NULL, NULL),
(82, 101, 2, 16, 14, 5, NULL, NULL),
(83, 101, 2, 16, 15, 4, NULL, NULL),
(84, 101, 2, 16, 16, 3, NULL, NULL),
(85, 101, 2, 16, 17, 3, NULL, NULL),
(86, 101, 2, 16, 18, 3, NULL, NULL),
(87, 101, 2, 16, 19, 4, NULL, NULL),
(88, 101, 2, 16, 20, 5, NULL, NULL),
(89, 101, 2, 16, 21, 4, NULL, NULL),
(90, 101, 2, 16, 22, 3, NULL, NULL),
(91, 101, 2, 16, 23, 3, NULL, NULL),
(92, 101, 2, 16, 24, 4, NULL, NULL),
(93, 101, 2, 16, 25, 5, NULL, NULL),
(94, 101, 2, 16, 26, 4, NULL, NULL),
(95, 101, 2, 16, 27, 3, NULL, NULL),
(96, 101, 2, 16, 28, 4, NULL, NULL),
(97, 101, 2, 16, 29, 4, NULL, NULL),
(98, 101, 2, 16, 30, 5, NULL, NULL),
(99, 101, 2, 16, 31, 4, NULL, NULL),
(100, 101, 2, 16, 32, 4, NULL, NULL),
(101, 101, 2, 16, 33, 5, NULL, NULL),
(102, 101, 2, 16, 34, 5, NULL, NULL),
(103, 101, 3, 16, 1, 3, NULL, NULL),
(104, 101, 3, 16, 2, 3, NULL, NULL),
(105, 101, 3, 16, 3, 3, NULL, NULL),
(106, 101, 3, 16, 4, 2, NULL, NULL),
(107, 101, 3, 16, 5, 2, NULL, NULL),
(108, 101, 3, 16, 6, 3, NULL, NULL),
(109, 101, 3, 16, 7, 4, NULL, NULL),
(110, 101, 3, 16, 8, 4, NULL, NULL),
(111, 101, 3, 16, 9, 4, NULL, NULL),
(112, 101, 3, 16, 10, 3, NULL, NULL),
(113, 101, 3, 16, 11, 3, NULL, NULL),
(114, 101, 3, 16, 12, 4, NULL, NULL),
(115, 101, 3, 16, 13, 5, NULL, NULL),
(116, 101, 3, 16, 14, 4, NULL, NULL),
(117, 101, 3, 16, 15, 3, NULL, NULL),
(118, 101, 3, 16, 16, 3, NULL, NULL),
(119, 101, 3, 16, 17, 2, NULL, NULL),
(120, 101, 3, 16, 18, 3, NULL, NULL),
(121, 101, 3, 16, 19, 4, NULL, NULL),
(122, 101, 3, 16, 20, 5, NULL, NULL),
(123, 101, 3, 16, 21, 4, NULL, NULL),
(124, 101, 3, 16, 22, 3, NULL, NULL),
(125, 101, 3, 16, 23, 3, NULL, NULL),
(126, 101, 3, 16, 24, 3, NULL, NULL),
(127, 101, 3, 16, 25, 4, NULL, NULL),
(128, 101, 3, 16, 26, 4, NULL, NULL),
(129, 101, 3, 16, 27, 5, NULL, NULL),
(130, 101, 3, 16, 28, 4, NULL, NULL),
(131, 101, 3, 16, 29, 3, NULL, NULL),
(132, 101, 3, 16, 30, 3, NULL, NULL),
(133, 101, 3, 16, 31, 4, NULL, NULL),
(134, 101, 3, 16, 32, 5, NULL, NULL),
(135, 101, 3, 16, 33, 5, NULL, NULL),
(136, 101, 3, 16, 34, 4, NULL, NULL),
(137, 101, 15, 16, 1, 3, NULL, NULL),
(138, 101, 15, 16, 2, 3, NULL, NULL),
(139, 101, 15, 16, 3, 4, NULL, NULL),
(140, 101, 15, 16, 4, 4, NULL, NULL),
(141, 101, 15, 16, 5, 4, NULL, NULL),
(142, 101, 15, 16, 6, 4, NULL, NULL),
(143, 101, 15, 16, 7, 4, NULL, NULL),
(144, 101, 15, 16, 8, 4, NULL, NULL),
(145, 101, 15, 16, 9, 3, NULL, NULL),
(146, 101, 15, 16, 10, 4, NULL, NULL),
(147, 101, 15, 16, 11, 5, NULL, NULL),
(148, 101, 15, 16, 12, 5, NULL, NULL),
(149, 101, 15, 16, 13, 4, NULL, NULL),
(150, 101, 15, 16, 14, 4, NULL, NULL),
(151, 101, 15, 16, 15, 3, NULL, NULL),
(152, 101, 15, 16, 16, 4, NULL, NULL),
(153, 101, 15, 16, 17, 4, NULL, NULL),
(154, 101, 15, 16, 18, 5, NULL, NULL),
(155, 101, 15, 16, 19, 4, NULL, NULL),
(156, 101, 15, 16, 20, 4, NULL, NULL),
(157, 101, 15, 16, 21, 3, NULL, NULL),
(158, 101, 15, 16, 22, 4, NULL, NULL),
(159, 101, 15, 16, 23, 5, NULL, NULL),
(160, 101, 15, 16, 24, 4, NULL, NULL),
(161, 101, 15, 16, 25, 4, NULL, NULL),
(162, 101, 15, 16, 26, 4, NULL, NULL),
(163, 101, 15, 16, 27, 5, NULL, NULL),
(164, 101, 15, 16, 28, 5, NULL, NULL),
(165, 101, 15, 16, 29, 4, NULL, NULL),
(166, 101, 15, 16, 30, 3, NULL, NULL),
(167, 101, 15, 16, 31, 3, NULL, NULL),
(168, 101, 15, 16, 32, 4, NULL, NULL),
(169, 101, 15, 16, 33, 4, NULL, NULL),
(170, 101, 15, 16, 34, 5, NULL, NULL),
(171, 101, 2, 17, 1, 3, NULL, NULL),
(172, 101, 2, 17, 2, 2, NULL, NULL),
(173, 101, 2, 17, 3, 1, NULL, NULL),
(174, 101, 2, 17, 4, 2, NULL, NULL),
(175, 101, 2, 17, 5, 3, NULL, NULL),
(176, 101, 2, 17, 6, 4, NULL, NULL),
(177, 101, 2, 17, 7, 5, NULL, NULL),
(178, 101, 2, 17, 8, 4, NULL, NULL),
(179, 101, 2, 17, 9, 3, NULL, NULL),
(180, 101, 2, 17, 10, 2, NULL, NULL),
(181, 101, 2, 17, 11, 3, NULL, NULL),
(182, 101, 2, 17, 12, 4, NULL, NULL),
(183, 101, 2, 17, 13, 5, NULL, NULL),
(184, 101, 2, 17, 14, 4, NULL, NULL),
(185, 101, 2, 17, 15, 3, NULL, NULL),
(186, 101, 2, 17, 16, 2, NULL, NULL),
(187, 101, 2, 17, 17, 2, NULL, NULL),
(188, 101, 2, 17, 18, 3, NULL, NULL),
(189, 101, 2, 17, 19, 4, NULL, NULL),
(190, 101, 2, 17, 20, 3, NULL, NULL),
(191, 101, 2, 17, 21, 4, NULL, NULL),
(192, 101, 2, 17, 22, 3, NULL, NULL),
(193, 101, 2, 17, 23, 4, NULL, NULL),
(194, 101, 2, 17, 24, 3, NULL, NULL),
(195, 101, 2, 17, 25, 4, NULL, NULL),
(196, 101, 2, 17, 26, 5, NULL, NULL),
(197, 101, 2, 17, 27, 4, NULL, NULL),
(198, 101, 2, 17, 28, 4, NULL, NULL),
(199, 101, 2, 17, 29, 5, NULL, NULL),
(200, 101, 2, 17, 30, 4, NULL, NULL),
(201, 101, 2, 17, 31, 5, NULL, NULL),
(202, 101, 2, 17, 32, 4, NULL, NULL),
(203, 101, 2, 17, 33, 4, NULL, NULL),
(204, 101, 2, 17, 34, 5, NULL, NULL),
(205, 101, 3, 17, 1, 4, NULL, NULL),
(206, 101, 3, 17, 2, 4, NULL, NULL),
(207, 101, 3, 17, 3, 5, NULL, NULL),
(208, 101, 3, 17, 4, 4, NULL, NULL),
(209, 101, 3, 17, 5, 4, NULL, NULL),
(210, 101, 3, 17, 6, 5, NULL, NULL),
(211, 101, 3, 17, 7, 4, NULL, NULL),
(212, 101, 3, 17, 8, 4, NULL, NULL),
(213, 101, 3, 17, 9, 5, NULL, NULL),
(214, 101, 3, 17, 10, 4, NULL, NULL),
(215, 101, 3, 17, 11, 3, NULL, NULL),
(216, 101, 3, 17, 12, 4, NULL, NULL),
(217, 101, 3, 17, 13, 5, NULL, NULL),
(218, 101, 3, 17, 14, 4, NULL, NULL),
(219, 101, 3, 17, 15, 3, NULL, NULL),
(220, 101, 3, 17, 16, 4, NULL, NULL),
(221, 101, 3, 17, 17, 5, NULL, NULL),
(222, 101, 3, 17, 18, 4, NULL, NULL),
(223, 101, 3, 17, 19, 3, NULL, NULL),
(224, 101, 3, 17, 20, 4, NULL, NULL),
(225, 101, 3, 17, 21, 5, NULL, NULL),
(226, 101, 3, 17, 22, 4, NULL, NULL),
(227, 101, 3, 17, 23, 3, NULL, NULL),
(228, 101, 3, 17, 24, 4, NULL, NULL),
(229, 101, 3, 17, 25, 5, NULL, NULL),
(230, 101, 3, 17, 26, 4, NULL, NULL),
(231, 101, 3, 17, 27, 3, NULL, NULL),
(232, 101, 3, 17, 28, 4, NULL, NULL),
(233, 101, 3, 17, 29, 5, NULL, NULL),
(234, 101, 3, 17, 30, 4, NULL, NULL),
(235, 101, 3, 17, 31, 4, NULL, NULL),
(236, 101, 3, 17, 32, 5, NULL, NULL),
(237, 101, 3, 17, 33, 5, NULL, NULL),
(238, 101, 3, 17, 34, 5, NULL, NULL),
(239, 101, 15, 17, 1, 3, NULL, NULL),
(240, 101, 15, 17, 2, 4, NULL, NULL),
(241, 101, 15, 17, 3, 5, NULL, NULL),
(242, 101, 15, 17, 4, 4, NULL, NULL),
(243, 101, 15, 17, 5, 4, NULL, NULL),
(244, 101, 15, 17, 6, 5, NULL, NULL),
(245, 101, 15, 17, 7, 4, NULL, NULL),
(246, 101, 15, 17, 8, 4, NULL, NULL),
(247, 101, 15, 17, 9, 3, NULL, NULL),
(248, 101, 15, 17, 10, 4, NULL, NULL),
(249, 101, 15, 17, 11, 5, NULL, NULL),
(250, 101, 15, 17, 12, 4, NULL, NULL),
(251, 101, 15, 17, 13, 3, NULL, NULL),
(252, 101, 15, 17, 14, 4, NULL, NULL),
(253, 101, 15, 17, 15, 5, NULL, NULL),
(254, 101, 15, 17, 16, 4, NULL, NULL),
(255, 101, 15, 17, 17, 3, NULL, NULL),
(256, 101, 15, 17, 18, 4, NULL, NULL),
(257, 101, 15, 17, 19, 5, NULL, NULL),
(258, 101, 15, 17, 20, 4, NULL, NULL),
(259, 101, 15, 17, 21, 4, NULL, NULL),
(260, 101, 15, 17, 22, 3, NULL, NULL),
(261, 101, 15, 17, 23, 4, NULL, NULL),
(262, 101, 15, 17, 24, 5, NULL, NULL),
(263, 101, 15, 17, 25, 4, NULL, NULL),
(264, 101, 15, 17, 26, 3, NULL, NULL),
(265, 101, 15, 17, 27, 4, NULL, NULL),
(266, 101, 15, 17, 28, 5, NULL, NULL),
(267, 101, 15, 17, 29, 4, NULL, NULL),
(268, 101, 15, 17, 30, 3, NULL, NULL),
(269, 101, 15, 17, 31, 4, NULL, NULL),
(270, 101, 15, 17, 32, 5, NULL, NULL),
(271, 101, 15, 17, 33, 4, NULL, NULL),
(272, 101, 15, 17, 34, 5, NULL, NULL),
(273, 101, 16, 17, 1, 3, NULL, NULL),
(274, 101, 16, 17, 2, 3, NULL, NULL),
(275, 101, 16, 17, 3, 2, NULL, NULL),
(276, 101, 16, 17, 4, 3, NULL, NULL),
(277, 101, 16, 17, 5, 4, NULL, NULL),
(278, 101, 16, 17, 6, 5, NULL, NULL),
(279, 101, 16, 17, 7, 4, NULL, NULL),
(280, 101, 16, 17, 8, 3, NULL, NULL),
(281, 101, 16, 17, 9, 2, NULL, NULL),
(282, 101, 16, 17, 10, 3, NULL, NULL),
(283, 101, 16, 17, 11, 4, NULL, NULL),
(284, 101, 16, 17, 12, 5, NULL, NULL),
(285, 101, 16, 17, 13, 4, NULL, NULL),
(286, 101, 16, 17, 14, 4, NULL, NULL),
(287, 101, 16, 17, 15, 3, NULL, NULL),
(288, 101, 16, 17, 16, 3, NULL, NULL),
(289, 101, 16, 17, 17, 4, NULL, NULL),
(290, 101, 16, 17, 18, 5, NULL, NULL),
(291, 101, 16, 17, 19, 5, NULL, NULL),
(292, 101, 16, 17, 20, 4, NULL, NULL),
(293, 101, 16, 17, 21, 3, NULL, NULL),
(294, 101, 16, 17, 22, 4, NULL, NULL),
(295, 101, 16, 17, 23, 4, NULL, NULL),
(296, 101, 16, 17, 24, 3, NULL, NULL),
(297, 101, 16, 17, 25, 3, NULL, NULL),
(298, 101, 16, 17, 26, 4, NULL, NULL),
(299, 101, 16, 17, 27, 5, NULL, NULL),
(300, 101, 16, 17, 28, 4, NULL, NULL),
(301, 101, 16, 17, 29, 3, NULL, NULL),
(302, 101, 16, 17, 30, 3, NULL, NULL),
(303, 101, 16, 17, 31, 4, NULL, NULL),
(304, 101, 16, 17, 32, 5, NULL, NULL),
(305, 101, 16, 17, 33, 4, NULL, NULL),
(306, 101, 16, 17, 34, 5, NULL, NULL),
(307, 101, 2, 19, 1, 4, NULL, NULL),
(308, 101, 2, 19, 2, 3, NULL, NULL),
(309, 101, 2, 19, 3, 4, NULL, NULL),
(310, 101, 2, 19, 4, 5, NULL, NULL),
(311, 101, 2, 19, 5, 4, NULL, NULL),
(312, 101, 2, 19, 6, 4, NULL, NULL),
(313, 101, 2, 19, 7, 4, NULL, NULL),
(314, 101, 2, 19, 8, 4, NULL, NULL),
(315, 101, 2, 19, 9, 3, NULL, NULL),
(316, 101, 2, 19, 10, 4, NULL, NULL),
(317, 101, 2, 19, 11, 5, NULL, NULL),
(318, 101, 2, 19, 12, 4, NULL, NULL),
(319, 101, 2, 19, 13, 3, NULL, NULL),
(320, 101, 2, 19, 14, 4, NULL, NULL),
(321, 101, 2, 19, 15, 5, NULL, NULL),
(322, 101, 2, 19, 16, 4, NULL, NULL),
(323, 101, 2, 19, 17, 3, NULL, NULL),
(324, 101, 2, 19, 18, 4, NULL, NULL),
(325, 101, 2, 19, 19, 5, NULL, NULL),
(326, 101, 2, 19, 20, 4, NULL, NULL),
(327, 101, 2, 19, 21, 4, NULL, NULL),
(328, 101, 2, 19, 22, 5, NULL, NULL),
(329, 101, 2, 19, 23, 4, NULL, NULL),
(330, 101, 2, 19, 24, 4, NULL, NULL),
(331, 101, 2, 19, 25, 5, NULL, NULL),
(332, 101, 2, 19, 26, 4, NULL, NULL),
(333, 101, 2, 19, 27, 4, NULL, NULL),
(334, 101, 2, 19, 28, 3, NULL, NULL),
(335, 101, 2, 19, 29, 4, NULL, NULL),
(336, 101, 2, 19, 30, 5, NULL, NULL),
(337, 101, 2, 19, 31, 4, NULL, NULL),
(338, 101, 2, 19, 32, 3, NULL, NULL),
(339, 101, 2, 19, 33, 4, NULL, NULL),
(340, 101, 2, 19, 34, 5, NULL, NULL),
(341, 101, 3, 19, 1, 3, NULL, NULL),
(342, 101, 3, 19, 2, 4, NULL, NULL),
(343, 101, 3, 19, 3, 5, NULL, NULL),
(344, 101, 3, 19, 4, 4, NULL, NULL),
(345, 101, 3, 19, 5, 3, NULL, NULL),
(346, 101, 3, 19, 6, 4, NULL, NULL),
(347, 101, 3, 19, 7, 5, NULL, NULL),
(348, 101, 3, 19, 8, 4, NULL, NULL),
(349, 101, 3, 19, 9, 3, NULL, NULL),
(350, 101, 3, 19, 10, 4, NULL, NULL),
(351, 101, 3, 19, 11, 4, NULL, NULL),
(352, 101, 3, 19, 12, 5, NULL, NULL),
(353, 101, 3, 19, 13, 4, NULL, NULL),
(354, 101, 3, 19, 14, 5, NULL, NULL),
(355, 101, 3, 19, 15, 4, NULL, NULL),
(356, 101, 3, 19, 16, 3, NULL, NULL),
(357, 101, 3, 19, 17, 4, NULL, NULL),
(358, 101, 3, 19, 18, 5, NULL, NULL),
(359, 101, 3, 19, 19, 4, NULL, NULL),
(360, 101, 3, 19, 20, 4, NULL, NULL),
(361, 101, 3, 19, 21, 3, NULL, NULL),
(362, 101, 3, 19, 22, 4, NULL, NULL),
(363, 101, 3, 19, 23, 5, NULL, NULL),
(364, 101, 3, 19, 24, 4, NULL, NULL),
(365, 101, 3, 19, 25, 3, NULL, NULL),
(366, 101, 3, 19, 26, 4, NULL, NULL),
(367, 101, 3, 19, 27, 5, NULL, NULL),
(368, 101, 3, 19, 28, 4, NULL, NULL),
(369, 101, 3, 19, 29, 4, NULL, NULL),
(370, 101, 3, 19, 30, 5, NULL, NULL),
(371, 101, 3, 19, 31, 5, NULL, NULL),
(372, 101, 3, 19, 32, 4, NULL, NULL),
(373, 101, 3, 19, 33, 3, NULL, NULL),
(374, 101, 3, 19, 34, 4, NULL, NULL),
(375, 101, 15, 19, 1, 4, NULL, NULL),
(376, 101, 15, 19, 2, 3, NULL, NULL),
(377, 101, 15, 19, 3, 4, NULL, NULL),
(378, 101, 15, 19, 4, 4, NULL, NULL),
(379, 101, 15, 19, 5, 4, NULL, NULL),
(380, 101, 15, 19, 6, 5, NULL, NULL),
(381, 101, 15, 19, 7, 4, NULL, NULL),
(382, 101, 15, 19, 8, 3, NULL, NULL),
(383, 101, 15, 19, 9, 4, NULL, NULL),
(384, 101, 15, 19, 10, 5, NULL, NULL),
(385, 101, 15, 19, 11, 4, NULL, NULL),
(386, 101, 15, 19, 12, 3, NULL, NULL),
(387, 101, 15, 19, 13, 4, NULL, NULL),
(388, 101, 15, 19, 14, 5, NULL, NULL),
(389, 101, 15, 19, 15, 4, NULL, NULL),
(390, 101, 15, 19, 16, 4, NULL, NULL),
(391, 101, 15, 19, 17, 3, NULL, NULL),
(392, 101, 15, 19, 18, 4, NULL, NULL),
(393, 101, 15, 19, 19, 4, NULL, NULL),
(394, 101, 15, 19, 20, 5, NULL, NULL),
(395, 101, 15, 19, 21, 4, NULL, NULL),
(396, 101, 15, 19, 22, 3, NULL, NULL),
(397, 101, 15, 19, 23, 4, NULL, NULL),
(398, 101, 15, 19, 24, 4, NULL, NULL),
(399, 101, 15, 19, 25, 5, NULL, NULL),
(400, 101, 15, 19, 26, 4, NULL, NULL),
(401, 101, 15, 19, 27, 3, NULL, NULL),
(402, 101, 15, 19, 28, 4, NULL, NULL),
(403, 101, 15, 19, 29, 5, NULL, NULL),
(404, 101, 15, 19, 30, 5, NULL, NULL),
(405, 101, 15, 19, 31, 4, NULL, NULL),
(406, 101, 15, 19, 32, 4, NULL, NULL),
(407, 101, 15, 19, 33, 5, NULL, NULL),
(408, 101, 15, 19, 34, 5, NULL, NULL),
(409, 101, 16, 19, 1, 3, NULL, NULL),
(410, 101, 16, 19, 2, 3, NULL, NULL),
(411, 101, 16, 19, 3, 4, NULL, NULL),
(412, 101, 16, 19, 4, 3, NULL, NULL),
(413, 101, 16, 19, 5, 4, NULL, NULL),
(414, 101, 16, 19, 6, 4, NULL, NULL),
(415, 101, 16, 19, 7, 5, NULL, NULL),
(416, 101, 16, 19, 8, 4, NULL, NULL),
(417, 101, 16, 19, 9, 3, NULL, NULL),
(418, 101, 16, 19, 10, 4, NULL, NULL),
(419, 101, 16, 19, 11, 4, NULL, NULL),
(420, 101, 16, 19, 12, 5, NULL, NULL),
(421, 101, 16, 19, 13, 4, NULL, NULL),
(422, 101, 16, 19, 14, 3, NULL, NULL),
(423, 101, 16, 19, 15, 4, NULL, NULL),
(424, 101, 16, 19, 16, 5, NULL, NULL),
(425, 101, 16, 19, 17, 4, NULL, NULL),
(426, 101, 16, 19, 18, 3, NULL, NULL),
(427, 101, 16, 19, 19, 4, NULL, NULL),
(428, 101, 16, 19, 20, 5, NULL, NULL),
(429, 101, 16, 19, 21, 4, NULL, NULL),
(430, 101, 16, 19, 22, 4, NULL, NULL),
(431, 101, 16, 19, 23, 3, NULL, NULL),
(432, 101, 16, 19, 24, 4, NULL, NULL),
(433, 101, 16, 19, 25, 5, NULL, NULL),
(434, 101, 16, 19, 26, 4, NULL, NULL),
(435, 101, 16, 19, 27, 4, NULL, NULL),
(436, 101, 16, 19, 28, 4, NULL, NULL),
(437, 101, 16, 19, 29, 5, NULL, NULL),
(438, 101, 16, 19, 30, 4, NULL, NULL),
(439, 101, 16, 19, 31, 4, NULL, NULL),
(440, 101, 16, 19, 32, 5, NULL, NULL),
(441, 101, 16, 19, 33, 4, NULL, NULL),
(442, 101, 16, 19, 34, 5, NULL, NULL),
(443, 101, 17, 19, 1, 3, NULL, NULL),
(444, 101, 17, 19, 2, 4, NULL, NULL),
(445, 101, 17, 19, 3, 5, NULL, NULL),
(446, 101, 17, 19, 4, 4, NULL, NULL),
(447, 101, 17, 19, 5, 3, NULL, NULL),
(448, 101, 17, 19, 6, 4, NULL, NULL),
(449, 101, 17, 19, 7, 4, NULL, NULL),
(450, 101, 17, 19, 8, 4, NULL, NULL),
(451, 101, 17, 19, 9, 5, NULL, NULL),
(452, 101, 17, 19, 10, 4, NULL, NULL),
(453, 101, 17, 19, 11, 3, NULL, NULL),
(454, 101, 17, 19, 12, 4, NULL, NULL),
(455, 101, 17, 19, 13, 5, NULL, NULL),
(456, 101, 17, 19, 14, 4, NULL, NULL),
(457, 101, 17, 19, 15, 4, NULL, NULL),
(458, 101, 17, 19, 16, 3, NULL, NULL),
(459, 101, 17, 19, 17, 4, NULL, NULL),
(460, 101, 17, 19, 18, 5, NULL, NULL),
(461, 101, 17, 19, 19, 4, NULL, NULL),
(462, 101, 17, 19, 20, 3, NULL, NULL),
(463, 101, 17, 19, 21, 4, NULL, NULL),
(464, 101, 17, 19, 22, 3, NULL, NULL),
(465, 101, 17, 19, 23, 4, NULL, NULL),
(466, 101, 17, 19, 24, 5, NULL, NULL),
(467, 101, 17, 19, 25, 4, NULL, NULL),
(468, 101, 17, 19, 26, 3, NULL, NULL),
(469, 101, 17, 19, 27, 4, NULL, NULL),
(470, 101, 17, 19, 28, 4, NULL, NULL),
(471, 101, 17, 19, 29, 4, NULL, NULL),
(472, 101, 17, 19, 30, 5, NULL, NULL),
(473, 101, 17, 19, 31, 4, NULL, NULL),
(474, 101, 17, 19, 32, 3, NULL, NULL),
(475, 101, 17, 19, 33, 4, NULL, NULL),
(476, 101, 17, 19, 34, 5, NULL, NULL),
(477, 101, 15, 2, 1, 4, NULL, NULL),
(478, 101, 15, 2, 2, 3, NULL, NULL),
(479, 101, 15, 2, 3, 3, NULL, NULL),
(480, 101, 15, 2, 4, 4, NULL, NULL),
(481, 101, 15, 2, 5, 4, NULL, NULL),
(482, 101, 15, 2, 6, 3, NULL, NULL),
(483, 101, 15, 2, 7, 4, NULL, NULL),
(484, 101, 15, 2, 8, 5, NULL, NULL),
(485, 101, 15, 2, 9, 4, NULL, NULL),
(486, 101, 15, 2, 10, 3, NULL, NULL),
(487, 101, 15, 2, 11, 4, NULL, NULL),
(488, 101, 15, 2, 12, 4, NULL, NULL),
(489, 101, 15, 2, 13, 4, NULL, NULL),
(490, 101, 15, 2, 14, 4, NULL, NULL),
(491, 101, 15, 2, 15, 5, NULL, NULL),
(492, 101, 15, 2, 16, 4, NULL, NULL),
(493, 101, 15, 2, 17, 4, NULL, NULL),
(494, 101, 15, 2, 18, 3, NULL, NULL),
(495, 101, 15, 2, 19, 4, NULL, NULL),
(496, 101, 15, 2, 20, 5, NULL, NULL),
(497, 101, 15, 2, 21, 4, NULL, NULL),
(498, 101, 15, 2, 22, 4, NULL, NULL),
(499, 101, 15, 2, 23, 3, NULL, NULL),
(500, 101, 15, 2, 24, 4, NULL, NULL),
(501, 101, 15, 2, 25, 5, NULL, NULL),
(502, 101, 15, 2, 26, 4, NULL, NULL),
(503, 101, 15, 2, 27, 4, NULL, NULL),
(504, 101, 15, 2, 28, 3, NULL, NULL),
(505, 101, 15, 2, 29, 4, NULL, NULL),
(506, 101, 15, 2, 30, 5, NULL, NULL),
(507, 101, 15, 2, 31, 4, NULL, NULL),
(508, 101, 15, 2, 32, 4, NULL, NULL),
(509, 101, 15, 2, 33, 5, NULL, NULL),
(510, 101, 15, 2, 34, 5, NULL, NULL),
(511, 101, 16, 2, 1, 3, NULL, NULL),
(512, 101, 16, 2, 2, 4, NULL, NULL),
(513, 101, 16, 2, 3, 4, NULL, NULL),
(514, 101, 16, 2, 4, 4, NULL, NULL),
(515, 101, 16, 2, 5, 5, NULL, NULL),
(516, 101, 16, 2, 6, 4, NULL, NULL),
(517, 101, 16, 2, 7, 3, NULL, NULL),
(518, 101, 16, 2, 8, 4, NULL, NULL),
(519, 101, 16, 2, 9, 5, NULL, NULL),
(520, 101, 16, 2, 10, 4, NULL, NULL),
(521, 101, 16, 2, 11, 3, NULL, NULL),
(522, 101, 16, 2, 12, 4, NULL, NULL),
(523, 101, 16, 2, 13, 5, NULL, NULL),
(524, 101, 16, 2, 14, 5, NULL, NULL),
(525, 101, 16, 2, 15, 4, NULL, NULL),
(526, 101, 16, 2, 16, 4, NULL, NULL),
(527, 101, 16, 2, 17, 3, NULL, NULL),
(528, 101, 16, 2, 18, 4, NULL, NULL),
(529, 101, 16, 2, 19, 5, NULL, NULL),
(530, 101, 16, 2, 20, 4, NULL, NULL),
(531, 101, 16, 2, 21, 4, NULL, NULL),
(532, 101, 16, 2, 22, 3, NULL, NULL),
(533, 101, 16, 2, 23, 4, NULL, NULL),
(534, 101, 16, 2, 24, 5, NULL, NULL),
(535, 101, 16, 2, 25, 4, NULL, NULL),
(536, 101, 16, 2, 26, 4, NULL, NULL),
(537, 101, 16, 2, 27, 3, NULL, NULL),
(538, 101, 16, 2, 28, 4, NULL, NULL),
(539, 101, 16, 2, 29, 5, NULL, NULL),
(540, 101, 16, 2, 30, 5, NULL, NULL),
(541, 101, 16, 2, 31, 4, NULL, NULL),
(542, 101, 16, 2, 32, 5, NULL, NULL),
(543, 101, 16, 2, 33, 4, NULL, NULL),
(544, 101, 16, 2, 34, 3, NULL, NULL),
(545, 101, 17, 2, 1, 3, NULL, NULL),
(546, 101, 17, 2, 2, 2, NULL, NULL),
(547, 101, 17, 2, 3, 1, NULL, NULL),
(548, 101, 17, 2, 4, 1, NULL, NULL),
(549, 101, 17, 2, 5, 2, NULL, NULL),
(550, 101, 17, 2, 6, 3, NULL, NULL),
(551, 101, 17, 2, 7, 4, NULL, NULL),
(552, 101, 17, 2, 8, 3, NULL, NULL),
(553, 101, 17, 2, 9, 2, NULL, NULL),
(554, 101, 17, 2, 10, 2, NULL, NULL),
(555, 101, 17, 2, 11, 3, NULL, NULL),
(556, 101, 17, 2, 12, 4, NULL, NULL),
(557, 101, 17, 2, 13, 5, NULL, NULL),
(558, 101, 17, 2, 14, 4, NULL, NULL),
(559, 101, 17, 2, 15, 3, NULL, NULL),
(560, 101, 17, 2, 16, 2, NULL, NULL),
(561, 101, 17, 2, 17, 1, NULL, NULL),
(562, 101, 17, 2, 18, 2, NULL, NULL),
(563, 101, 17, 2, 19, 3, NULL, NULL),
(564, 101, 17, 2, 20, 4, NULL, NULL),
(565, 101, 17, 2, 21, 4, NULL, NULL),
(566, 101, 17, 2, 22, 3, NULL, NULL),
(567, 101, 17, 2, 23, 3, NULL, NULL),
(568, 101, 17, 2, 24, 4, NULL, NULL),
(569, 101, 17, 2, 25, 5, NULL, NULL),
(570, 101, 17, 2, 26, 5, NULL, NULL),
(571, 101, 17, 2, 27, 4, NULL, NULL),
(572, 101, 17, 2, 28, 3, NULL, NULL),
(573, 101, 17, 2, 29, 2, NULL, NULL),
(574, 101, 17, 2, 30, 3, NULL, NULL),
(575, 101, 17, 2, 31, 4, NULL, NULL),
(576, 101, 17, 2, 32, 4, NULL, NULL),
(577, 101, 17, 2, 33, 5, NULL, NULL),
(578, 101, 17, 2, 34, 5, NULL, NULL),
(579, 101, 19, 2, 1, 3, NULL, NULL),
(580, 101, 19, 2, 2, 4, NULL, NULL),
(581, 101, 19, 2, 3, 5, NULL, NULL),
(582, 101, 19, 2, 4, 4, NULL, NULL),
(583, 101, 19, 2, 5, 3, NULL, NULL),
(584, 101, 19, 2, 6, 3, NULL, NULL),
(585, 101, 19, 2, 7, 4, NULL, NULL),
(586, 101, 19, 2, 8, 5, NULL, NULL),
(587, 101, 19, 2, 9, 4, NULL, NULL),
(588, 101, 19, 2, 10, 3, NULL, NULL),
(589, 101, 19, 2, 11, 2, NULL, NULL),
(590, 101, 19, 2, 12, 3, NULL, NULL),
(591, 101, 19, 2, 13, 4, NULL, NULL),
(592, 101, 19, 2, 14, 5, NULL, NULL),
(593, 101, 19, 2, 15, 4, NULL, NULL),
(594, 101, 19, 2, 16, 3, NULL, NULL),
(595, 101, 19, 2, 17, 3, NULL, NULL),
(596, 101, 19, 2, 18, 2, NULL, NULL),
(597, 101, 19, 2, 19, 3, NULL, NULL),
(598, 101, 19, 2, 20, 4, NULL, NULL),
(599, 101, 19, 2, 21, 5, NULL, NULL),
(600, 101, 19, 2, 22, 4, NULL, NULL),
(601, 101, 19, 2, 23, 3, NULL, NULL),
(602, 101, 19, 2, 24, 3, NULL, NULL),
(603, 101, 19, 2, 25, 4, NULL, NULL),
(604, 101, 19, 2, 26, 5, NULL, NULL),
(605, 101, 19, 2, 27, 4, NULL, NULL),
(606, 101, 19, 2, 28, 3, NULL, NULL),
(607, 101, 19, 2, 29, 3, NULL, NULL),
(608, 101, 19, 2, 30, 4, NULL, NULL),
(609, 101, 19, 2, 31, 3, NULL, NULL),
(610, 101, 19, 2, 32, 4, NULL, NULL),
(611, 101, 19, 2, 33, 5, NULL, NULL),
(612, 101, 19, 2, 34, 5, NULL, NULL),
(613, 101, 2, 18, 1, 4, NULL, NULL),
(614, 101, 2, 18, 2, 4, NULL, NULL),
(615, 101, 2, 18, 3, 4, NULL, NULL),
(616, 101, 2, 18, 4, 3, NULL, NULL),
(617, 101, 2, 18, 5, 2, NULL, NULL),
(618, 101, 2, 18, 6, 3, NULL, NULL),
(619, 101, 2, 18, 7, 4, NULL, NULL),
(620, 101, 2, 18, 8, 4, NULL, NULL),
(621, 101, 2, 18, 9, 4, NULL, NULL),
(622, 101, 2, 18, 10, 3, NULL, NULL),
(623, 101, 2, 18, 11, 4, NULL, NULL),
(624, 101, 2, 18, 12, 3, NULL, NULL),
(625, 101, 2, 18, 13, 3, NULL, NULL),
(626, 101, 2, 18, 14, 2, NULL, NULL),
(627, 101, 2, 18, 15, 3, NULL, NULL),
(628, 101, 2, 18, 16, 4, NULL, NULL),
(629, 101, 2, 18, 17, 4, NULL, NULL),
(630, 101, 2, 18, 18, 3, NULL, NULL),
(631, 101, 2, 18, 19, 3, NULL, NULL),
(632, 101, 2, 18, 20, 3, NULL, NULL),
(633, 101, 2, 18, 21, 4, NULL, NULL),
(634, 101, 2, 18, 22, 5, NULL, NULL),
(635, 101, 2, 18, 23, 4, NULL, NULL),
(636, 101, 2, 18, 24, 3, NULL, NULL),
(637, 101, 2, 18, 25, 3, NULL, NULL),
(638, 101, 2, 18, 26, 4, NULL, NULL),
(639, 101, 2, 18, 27, 5, NULL, NULL),
(640, 101, 2, 18, 28, 4, NULL, NULL),
(641, 101, 2, 18, 29, 3, NULL, NULL),
(642, 101, 2, 18, 30, 3, NULL, NULL),
(643, 101, 2, 18, 31, 4, NULL, NULL),
(644, 101, 2, 18, 32, 5, NULL, NULL),
(645, 101, 2, 18, 33, 5, NULL, NULL),
(646, 101, 2, 18, 34, 5, NULL, NULL),
(647, 101, 3, 18, 1, 1, NULL, NULL),
(648, 101, 3, 18, 2, 2, NULL, NULL),
(649, 101, 3, 18, 3, 3, NULL, NULL),
(650, 101, 3, 18, 4, 4, NULL, NULL),
(651, 101, 3, 18, 5, 4, NULL, NULL),
(652, 101, 3, 18, 6, 4, NULL, NULL),
(653, 101, 3, 18, 7, 3, NULL, NULL),
(654, 101, 3, 18, 8, 3, NULL, NULL),
(655, 101, 3, 18, 9, 4, NULL, NULL),
(656, 101, 3, 18, 10, 4, NULL, NULL),
(657, 101, 3, 18, 11, 3, NULL, NULL),
(658, 101, 3, 18, 12, 3, NULL, NULL),
(659, 101, 3, 18, 13, 4, NULL, NULL),
(660, 101, 3, 18, 14, 4, NULL, NULL),
(661, 101, 3, 18, 15, 3, NULL, NULL),
(662, 101, 3, 18, 16, 4, NULL, NULL),
(663, 101, 3, 18, 17, 4, NULL, NULL),
(664, 101, 3, 18, 18, 4, NULL, NULL),
(665, 101, 3, 18, 19, 3, NULL, NULL),
(666, 101, 3, 18, 20, 2, NULL, NULL),
(667, 101, 3, 18, 21, 3, NULL, NULL),
(668, 101, 3, 18, 22, 4, NULL, NULL),
(669, 101, 3, 18, 23, 4, NULL, NULL),
(670, 101, 3, 18, 24, 3, NULL, NULL),
(671, 101, 3, 18, 25, 3, NULL, NULL),
(672, 101, 3, 18, 26, 4, NULL, NULL),
(673, 101, 3, 18, 27, 4, NULL, NULL),
(674, 101, 3, 18, 28, 3, NULL, NULL),
(675, 101, 3, 18, 29, 3, NULL, NULL),
(676, 101, 3, 18, 30, 4, NULL, NULL),
(677, 101, 3, 18, 31, 5, NULL, NULL),
(678, 101, 3, 18, 32, 4, NULL, NULL),
(679, 101, 3, 18, 33, 3, NULL, NULL),
(680, 101, 3, 18, 34, 4, NULL, NULL),
(681, 101, 15, 18, 1, 3, NULL, NULL),
(682, 101, 15, 18, 2, 2, NULL, NULL),
(683, 101, 15, 18, 3, 1, NULL, NULL),
(684, 101, 15, 18, 4, 2, NULL, NULL),
(685, 101, 15, 18, 5, 3, NULL, NULL),
(686, 101, 15, 18, 6, 4, NULL, NULL),
(687, 101, 15, 18, 7, 4, NULL, NULL),
(688, 101, 15, 18, 8, 4, NULL, NULL),
(689, 101, 15, 18, 9, 3, NULL, NULL),
(690, 101, 15, 18, 10, 2, NULL, NULL),
(691, 101, 15, 18, 11, 2, NULL, NULL),
(692, 101, 15, 18, 12, 3, NULL, NULL),
(693, 101, 15, 18, 13, 4, NULL, NULL),
(694, 101, 15, 18, 14, 4, NULL, NULL),
(695, 101, 15, 18, 15, 3, NULL, NULL),
(696, 101, 15, 18, 16, 2, NULL, NULL),
(697, 101, 15, 18, 17, 3, NULL, NULL),
(698, 101, 15, 18, 18, 4, NULL, NULL),
(699, 101, 15, 18, 19, 5, NULL, NULL),
(700, 101, 15, 18, 20, 4, NULL, NULL),
(701, 101, 15, 18, 21, 3, NULL, NULL),
(702, 101, 15, 18, 22, 2, NULL, NULL),
(703, 101, 15, 18, 23, 3, NULL, NULL),
(704, 101, 15, 18, 24, 4, NULL, NULL),
(705, 101, 15, 18, 25, 4, NULL, NULL),
(706, 101, 15, 18, 26, 3, NULL, NULL),
(707, 101, 15, 18, 27, 3, NULL, NULL),
(708, 101, 15, 18, 28, 4, NULL, NULL),
(709, 101, 15, 18, 29, 4, NULL, NULL),
(710, 101, 15, 18, 30, 3, NULL, NULL),
(711, 101, 15, 18, 31, 3, NULL, NULL),
(712, 101, 15, 18, 32, 4, NULL, NULL),
(713, 101, 15, 18, 33, 5, NULL, NULL),
(714, 101, 15, 18, 34, 5, NULL, NULL),
(715, 101, 16, 18, 1, 3, NULL, NULL),
(716, 101, 16, 18, 2, 3, NULL, NULL),
(717, 101, 16, 18, 3, 4, NULL, NULL),
(718, 101, 16, 18, 4, 4, NULL, NULL),
(719, 101, 16, 18, 5, 3, NULL, NULL),
(720, 101, 16, 18, 6, 4, NULL, NULL),
(721, 101, 16, 18, 7, 4, NULL, NULL),
(722, 101, 16, 18, 8, 5, NULL, NULL),
(723, 101, 16, 18, 9, 4, NULL, NULL),
(724, 101, 16, 18, 10, 4, NULL, NULL),
(725, 101, 16, 18, 11, 3, NULL, NULL),
(726, 101, 16, 18, 12, 3, NULL, NULL),
(727, 101, 16, 18, 13, 4, NULL, NULL),
(728, 101, 16, 18, 14, 4, NULL, NULL),
(729, 101, 16, 18, 15, 4, NULL, NULL),
(730, 101, 16, 18, 16, 3, NULL, NULL),
(731, 101, 16, 18, 17, 4, NULL, NULL),
(732, 101, 16, 18, 18, 5, NULL, NULL),
(733, 101, 16, 18, 19, 4, NULL, NULL),
(734, 101, 16, 18, 20, 4, NULL, NULL),
(735, 101, 16, 18, 21, 3, NULL, NULL),
(736, 101, 16, 18, 22, 4, NULL, NULL),
(737, 101, 16, 18, 23, 4, NULL, NULL),
(738, 101, 16, 18, 24, 4, NULL, NULL),
(739, 101, 16, 18, 25, 4, NULL, NULL),
(740, 101, 16, 18, 26, 3, NULL, NULL),
(741, 101, 16, 18, 27, 4, NULL, NULL),
(742, 101, 16, 18, 28, 5, NULL, NULL),
(743, 101, 16, 18, 29, 4, NULL, NULL),
(744, 101, 16, 18, 30, 4, NULL, NULL),
(745, 101, 16, 18, 31, 4, NULL, NULL),
(746, 101, 16, 18, 32, 5, NULL, NULL),
(747, 101, 16, 18, 33, 5, NULL, NULL),
(748, 101, 16, 18, 34, 5, NULL, NULL),
(749, 101, 17, 18, 1, 3, NULL, NULL),
(750, 101, 17, 18, 2, 4, NULL, NULL),
(751, 101, 17, 18, 3, 4, NULL, NULL),
(752, 101, 17, 18, 4, 4, NULL, NULL),
(753, 101, 17, 18, 5, 4, NULL, NULL),
(754, 101, 17, 18, 6, 4, NULL, NULL),
(755, 101, 17, 18, 7, 4, NULL, NULL),
(756, 101, 17, 18, 8, 3, NULL, NULL),
(757, 101, 17, 18, 9, 4, NULL, NULL),
(758, 101, 17, 18, 10, 4, NULL, NULL),
(759, 101, 17, 18, 11, 4, NULL, NULL),
(760, 101, 17, 18, 12, 3, NULL, NULL),
(761, 101, 17, 18, 13, 4, NULL, NULL),
(762, 101, 17, 18, 14, 4, NULL, NULL),
(763, 101, 17, 18, 15, 4, NULL, NULL),
(764, 101, 17, 18, 16, 5, NULL, NULL),
(765, 101, 17, 18, 17, 4, NULL, NULL),
(766, 101, 17, 18, 18, 4, NULL, NULL),
(767, 101, 17, 18, 19, 3, NULL, NULL),
(768, 101, 17, 18, 20, 4, NULL, NULL),
(769, 101, 17, 18, 21, 5, NULL, NULL),
(770, 101, 17, 18, 22, 4, NULL, NULL),
(771, 101, 17, 18, 23, 5, NULL, NULL),
(772, 101, 17, 18, 24, 4, NULL, NULL),
(773, 101, 17, 18, 25, 4, NULL, NULL),
(774, 101, 17, 18, 26, 4, NULL, NULL),
(775, 101, 17, 18, 27, 4, NULL, NULL),
(776, 101, 17, 18, 28, 4, NULL, NULL),
(777, 101, 17, 18, 29, 3, NULL, NULL),
(778, 101, 17, 18, 30, 3, NULL, NULL),
(779, 101, 17, 18, 31, 4, NULL, NULL),
(780, 101, 17, 18, 32, 5, NULL, NULL),
(781, 101, 17, 18, 33, 5, NULL, NULL),
(782, 101, 17, 18, 34, 5, NULL, NULL),
(783, 101, 19, 18, 1, 4, NULL, NULL),
(784, 101, 19, 18, 2, 5, NULL, NULL),
(785, 101, 19, 18, 3, 4, NULL, NULL),
(786, 101, 19, 18, 4, 3, NULL, NULL),
(787, 101, 19, 18, 5, 3, NULL, NULL),
(788, 101, 19, 18, 6, 2, NULL, NULL),
(789, 101, 19, 18, 7, 3, NULL, NULL),
(790, 101, 19, 18, 8, 4, NULL, NULL),
(791, 101, 19, 18, 9, 4, NULL, NULL),
(792, 101, 19, 18, 10, 3, NULL, NULL),
(793, 101, 19, 18, 11, 3, NULL, NULL),
(794, 101, 19, 18, 12, 4, NULL, NULL),
(795, 101, 19, 18, 13, 5, NULL, NULL),
(796, 101, 19, 18, 14, 4, NULL, NULL),
(797, 101, 19, 18, 15, 3, NULL, NULL),
(798, 101, 19, 18, 16, 4, NULL, NULL),
(799, 101, 19, 18, 17, 3, NULL, NULL),
(800, 101, 19, 18, 18, 3, NULL, NULL),
(801, 101, 19, 18, 19, 2, NULL, NULL),
(802, 101, 19, 18, 20, 3, NULL, NULL),
(803, 101, 19, 18, 21, 4, NULL, NULL),
(804, 101, 19, 18, 22, 4, NULL, NULL),
(805, 101, 19, 18, 23, 4, NULL, NULL),
(806, 101, 19, 18, 24, 4, NULL, NULL),
(807, 101, 19, 18, 25, 3, NULL, NULL),
(808, 101, 19, 18, 26, 3, NULL, NULL),
(809, 101, 19, 18, 27, 4, NULL, NULL),
(810, 101, 19, 18, 28, 5, NULL, NULL),
(811, 101, 19, 18, 29, 4, NULL, NULL),
(812, 101, 19, 18, 30, 3, NULL, NULL),
(813, 101, 19, 18, 31, 4, NULL, NULL),
(814, 101, 19, 18, 32, 4, NULL, NULL),
(815, 101, 19, 18, 33, 5, NULL, NULL),
(816, 101, 19, 18, 34, 5, NULL, NULL),
(919, 101, 18, 2, 1, 4, NULL, NULL),
(920, 101, 18, 2, 2, 3, NULL, NULL),
(921, 101, 18, 2, 3, 4, NULL, NULL),
(922, 101, 18, 2, 4, 4, NULL, NULL),
(923, 101, 18, 2, 5, 4, NULL, NULL),
(924, 101, 18, 2, 6, 5, NULL, NULL),
(925, 101, 18, 2, 7, 5, NULL, NULL),
(926, 101, 18, 2, 8, 5, NULL, NULL),
(927, 101, 18, 2, 9, 5, NULL, NULL),
(928, 101, 18, 2, 10, 4, NULL, NULL),
(929, 101, 18, 2, 11, 3, NULL, NULL),
(930, 101, 18, 2, 12, 4, NULL, NULL),
(931, 101, 18, 2, 13, 5, NULL, NULL),
(932, 101, 18, 2, 14, 5, NULL, NULL),
(933, 101, 18, 2, 15, 4, NULL, NULL),
(934, 101, 18, 2, 16, 3, NULL, NULL),
(935, 101, 18, 2, 17, 4, NULL, NULL),
(936, 101, 18, 2, 18, 5, NULL, NULL),
(937, 101, 18, 2, 19, 5, NULL, NULL),
(938, 101, 18, 2, 20, 4, NULL, NULL),
(939, 101, 18, 2, 21, 4, NULL, NULL),
(940, 101, 18, 2, 22, 3, NULL, NULL),
(941, 101, 18, 2, 23, 4, NULL, NULL),
(942, 101, 18, 2, 24, 5, NULL, NULL),
(943, 101, 18, 2, 25, 4, NULL, NULL),
(944, 101, 18, 2, 26, 3, NULL, NULL),
(945, 101, 18, 2, 27, 4, NULL, NULL),
(946, 101, 18, 2, 28, 5, NULL, NULL),
(947, 101, 18, 2, 29, 4, NULL, NULL),
(948, 101, 18, 2, 30, 4, NULL, NULL),
(949, 101, 18, 2, 31, 5, NULL, NULL),
(950, 101, 18, 2, 32, 5, NULL, NULL),
(951, 101, 18, 2, 33, 4, NULL, NULL),
(952, 101, 18, 2, 34, 5, NULL, NULL),
(953, 101, 18, 17, 1, 3, NULL, NULL),
(954, 101, 18, 17, 2, 4, NULL, NULL),
(955, 101, 18, 17, 3, 4, NULL, NULL),
(956, 101, 18, 17, 4, 4, NULL, NULL),
(957, 101, 18, 17, 5, 4, NULL, NULL),
(958, 101, 18, 17, 6, 4, NULL, NULL),
(959, 101, 18, 17, 7, 3, NULL, NULL),
(960, 101, 18, 17, 8, 2, NULL, NULL),
(961, 101, 18, 17, 9, 3, NULL, NULL),
(962, 101, 18, 17, 10, 4, NULL, NULL),
(963, 101, 18, 17, 11, 5, NULL, NULL),
(964, 101, 18, 17, 12, 4, NULL, NULL),
(965, 101, 18, 17, 13, 3, NULL, NULL),
(966, 101, 18, 17, 14, 3, NULL, NULL),
(967, 101, 18, 17, 15, 4, NULL, NULL),
(968, 101, 18, 17, 16, 5, NULL, NULL),
(969, 101, 18, 17, 17, 4, NULL, NULL),
(970, 101, 18, 17, 18, 3, NULL, NULL),
(971, 101, 18, 17, 19, 4, NULL, NULL),
(972, 101, 18, 17, 20, 4, NULL, NULL),
(973, 101, 18, 17, 21, 5, NULL, NULL),
(974, 101, 18, 17, 22, 4, NULL, NULL),
(975, 101, 18, 17, 23, 3, NULL, NULL),
(976, 101, 18, 17, 24, 4, NULL, NULL),
(977, 101, 18, 17, 25, 4, NULL, NULL),
(978, 101, 18, 17, 26, 4, NULL, NULL),
(979, 101, 18, 17, 27, 4, NULL, NULL),
(980, 101, 18, 17, 28, 5, NULL, NULL),
(981, 101, 18, 17, 29, 4, NULL, NULL),
(982, 101, 18, 17, 30, 3, NULL, NULL),
(983, 101, 18, 17, 31, 4, NULL, NULL),
(984, 101, 18, 17, 32, 5, NULL, NULL),
(985, 101, 18, 17, 33, 5, NULL, NULL),
(986, 101, 18, 17, 34, 4, NULL, NULL),
(987, 101, 19, 17, 1, 4, NULL, NULL),
(988, 101, 19, 17, 2, 4, NULL, NULL),
(989, 101, 19, 17, 3, 3, NULL, NULL),
(990, 101, 19, 17, 4, 2, NULL, NULL),
(991, 101, 19, 17, 5, 3, NULL, NULL),
(992, 101, 19, 17, 6, 4, NULL, NULL),
(993, 101, 19, 17, 7, 3, NULL, NULL),
(994, 101, 19, 17, 8, 4, NULL, NULL),
(995, 101, 19, 17, 9, 4, NULL, NULL),
(996, 101, 19, 17, 10, 3, NULL, NULL),
(997, 101, 19, 17, 11, 3, NULL, NULL),
(998, 101, 19, 17, 12, 4, NULL, NULL),
(999, 101, 19, 17, 13, 4, NULL, NULL),
(1000, 101, 19, 17, 14, 3, NULL, NULL),
(1001, 101, 19, 17, 15, 3, NULL, NULL),
(1002, 101, 19, 17, 16, 4, NULL, NULL),
(1003, 101, 19, 17, 17, 5, NULL, NULL),
(1004, 101, 19, 17, 18, 4, NULL, NULL),
(1005, 101, 19, 17, 19, 3, NULL, NULL),
(1006, 101, 19, 17, 20, 4, NULL, NULL),
(1007, 101, 19, 17, 21, 5, NULL, NULL),
(1008, 101, 19, 17, 22, 5, NULL, NULL),
(1009, 101, 19, 17, 23, 5, NULL, NULL),
(1010, 101, 19, 17, 24, 4, NULL, NULL),
(1011, 101, 19, 17, 25, 4, NULL, NULL),
(1012, 101, 19, 17, 26, 5, NULL, NULL),
(1013, 101, 19, 17, 27, 5, NULL, NULL),
(1014, 101, 19, 17, 28, 5, NULL, NULL),
(1015, 101, 19, 17, 29, 4, NULL, NULL),
(1016, 101, 19, 17, 30, 5, NULL, NULL),
(1017, 101, 19, 17, 31, 4, NULL, NULL),
(1018, 101, 19, 17, 32, 4, NULL, NULL),
(1019, 101, 19, 17, 33, 5, NULL, NULL),
(1020, 101, 19, 17, 34, 5, NULL, NULL),
(1021, 103, 3, 15, 1, 4, NULL, NULL),
(1022, 103, 3, 15, 2, 3, NULL, NULL),
(1023, 103, 3, 15, 3, 4, NULL, NULL),
(1024, 103, 3, 15, 4, 4, NULL, NULL),
(1025, 103, 3, 15, 5, 5, NULL, NULL),
(1026, 103, 3, 15, 6, 4, NULL, NULL),
(1027, 103, 3, 15, 7, 3, NULL, NULL),
(1028, 103, 3, 15, 8, 4, NULL, NULL),
(1029, 103, 3, 15, 9, 5, NULL, NULL),
(1030, 103, 3, 15, 10, 4, NULL, NULL),
(1031, 103, 3, 15, 11, 4, NULL, NULL),
(1032, 103, 3, 15, 12, 3, NULL, NULL),
(1033, 103, 3, 15, 13, 4, NULL, NULL),
(1034, 103, 3, 15, 14, 5, NULL, NULL),
(1035, 103, 3, 15, 15, 4, NULL, NULL),
(1036, 103, 3, 15, 16, 4, NULL, NULL),
(1037, 103, 3, 15, 17, 5, NULL, NULL),
(1038, 103, 3, 15, 18, 4, NULL, NULL),
(1039, 103, 3, 15, 19, 4, NULL, NULL),
(1040, 103, 3, 15, 20, 3, NULL, NULL),
(1041, 103, 3, 15, 21, 4, NULL, NULL),
(1042, 103, 3, 15, 22, 5, NULL, NULL),
(1043, 103, 3, 15, 23, 4, NULL, NULL),
(1044, 103, 3, 15, 24, 4, NULL, NULL),
(1045, 103, 3, 15, 25, 3, NULL, NULL),
(1046, 103, 3, 15, 26, 4, NULL, NULL),
(1047, 103, 3, 15, 27, 5, NULL, NULL),
(1048, 103, 3, 15, 28, 4, NULL, NULL),
(1049, 103, 3, 15, 29, 3, NULL, NULL),
(1050, 103, 3, 15, 30, 4, NULL, NULL),
(1051, 103, 3, 15, 31, 5, NULL, NULL),
(1052, 103, 3, 15, 32, 4, NULL, NULL),
(1053, 103, 3, 15, 33, 4, NULL, NULL),
(1054, 103, 3, 15, 34, 5, NULL, NULL),
(1055, 103, 3, 16, 1, 2, NULL, NULL),
(1056, 103, 3, 16, 2, 3, NULL, NULL),
(1057, 103, 3, 16, 3, 4, NULL, NULL),
(1058, 103, 3, 16, 4, 4, NULL, NULL),
(1059, 103, 3, 16, 5, 3, NULL, NULL),
(1060, 103, 3, 16, 6, 4, NULL, NULL),
(1061, 103, 3, 16, 7, 4, NULL, NULL),
(1062, 103, 3, 16, 8, 5, NULL, NULL),
(1063, 103, 3, 16, 9, 5, NULL, NULL),
(1064, 103, 3, 16, 10, 4, NULL, NULL),
(1065, 103, 3, 16, 11, 3, NULL, NULL),
(1066, 103, 3, 16, 12, 3, NULL, NULL),
(1067, 103, 3, 16, 13, 4, NULL, NULL),
(1068, 103, 3, 16, 14, 5, NULL, NULL),
(1069, 103, 3, 16, 15, 4, NULL, NULL),
(1070, 103, 3, 16, 16, 4, NULL, NULL),
(1071, 103, 3, 16, 17, 3, NULL, NULL),
(1072, 103, 3, 16, 18, 4, NULL, NULL),
(1073, 103, 3, 16, 19, 5, NULL, NULL),
(1074, 103, 3, 16, 20, 5, NULL, NULL),
(1075, 103, 3, 16, 21, 4, NULL, NULL),
(1076, 103, 3, 16, 22, 3, NULL, NULL),
(1077, 103, 3, 16, 23, 4, NULL, NULL),
(1078, 103, 3, 16, 24, 5, NULL, NULL),
(1079, 103, 3, 16, 25, 5, NULL, NULL),
(1080, 103, 3, 16, 26, 4, NULL, NULL),
(1081, 103, 3, 16, 27, 3, NULL, NULL),
(1082, 103, 3, 16, 28, 4, NULL, NULL),
(1083, 103, 3, 16, 29, 5, NULL, NULL),
(1084, 103, 3, 16, 30, 4, NULL, NULL),
(1085, 103, 3, 16, 31, 4, NULL, NULL),
(1086, 103, 3, 16, 32, 3, NULL, NULL),
(1087, 103, 3, 16, 33, 4, NULL, NULL),
(1088, 103, 3, 16, 34, 5, NULL, NULL),
(1089, 103, 15, 16, 1, 3, NULL, NULL),
(1090, 103, 15, 16, 2, 4, NULL, NULL),
(1091, 103, 15, 16, 3, 5, NULL, NULL),
(1092, 103, 15, 16, 4, 4, NULL, NULL),
(1093, 103, 15, 16, 5, 4, NULL, NULL),
(1094, 103, 15, 16, 6, 3, NULL, NULL),
(1095, 103, 15, 16, 7, 4, NULL, NULL),
(1096, 103, 15, 16, 8, 5, NULL, NULL),
(1097, 103, 15, 16, 9, 4, NULL, NULL),
(1098, 103, 15, 16, 10, 3, NULL, NULL),
(1099, 103, 15, 16, 11, 4, NULL, NULL),
(1100, 103, 15, 16, 12, 5, NULL, NULL),
(1101, 103, 15, 16, 13, 4, NULL, NULL),
(1102, 103, 15, 16, 14, 4, NULL, NULL),
(1103, 103, 15, 16, 15, 3, NULL, NULL),
(1104, 103, 15, 16, 16, 4, NULL, NULL),
(1105, 103, 15, 16, 17, 5, NULL, NULL),
(1106, 103, 15, 16, 18, 4, NULL, NULL),
(1107, 103, 15, 16, 19, 3, NULL, NULL),
(1108, 103, 15, 16, 20, 4, NULL, NULL),
(1109, 103, 15, 16, 21, 5, NULL, NULL),
(1110, 103, 15, 16, 22, 4, NULL, NULL),
(1111, 103, 15, 16, 23, 5, NULL, NULL),
(1112, 103, 15, 16, 24, 4, NULL, NULL),
(1113, 103, 15, 16, 25, 5, NULL, NULL),
(1114, 103, 15, 16, 26, 4, NULL, NULL),
(1115, 103, 15, 16, 27, 4, NULL, NULL),
(1116, 103, 15, 16, 28, 5, NULL, NULL),
(1117, 103, 15, 16, 29, 5, NULL, NULL),
(1118, 103, 15, 16, 30, 4, NULL, NULL),
(1119, 103, 15, 16, 31, 5, NULL, NULL),
(1120, 103, 15, 16, 32, 4, NULL, NULL),
(1121, 103, 15, 16, 33, 3, NULL, NULL),
(1122, 103, 15, 16, 34, 4, NULL, NULL),
(1123, 103, 3, 17, 1, 4, NULL, NULL),
(1124, 103, 3, 17, 2, 4, NULL, NULL),
(1125, 103, 3, 17, 3, 4, NULL, NULL),
(1126, 103, 3, 17, 4, 2, NULL, NULL),
(1127, 103, 3, 17, 5, 4, NULL, NULL),
(1128, 103, 3, 17, 6, 5, NULL, NULL),
(1129, 103, 3, 17, 7, 4, NULL, NULL),
(1130, 103, 3, 17, 8, 3, NULL, NULL),
(1131, 103, 3, 17, 9, 4, NULL, NULL),
(1132, 103, 3, 17, 10, 4, NULL, NULL),
(1133, 103, 3, 17, 11, 5, NULL, NULL),
(1134, 103, 3, 17, 12, 4, NULL, NULL),
(1135, 103, 3, 17, 13, 3, NULL, NULL),
(1136, 103, 3, 17, 14, 4, NULL, NULL),
(1137, 103, 3, 17, 15, 5, NULL, NULL),
(1138, 103, 3, 17, 16, 4, NULL, NULL),
(1139, 103, 3, 17, 17, 4, NULL, NULL),
(1140, 103, 3, 17, 18, 3, NULL, NULL),
(1141, 103, 3, 17, 19, 4, NULL, NULL),
(1142, 103, 3, 17, 20, 5, NULL, NULL),
(1143, 103, 3, 17, 21, 4, NULL, NULL),
(1144, 103, 3, 17, 22, 4, NULL, NULL),
(1145, 103, 3, 17, 23, 5, NULL, NULL),
(1146, 103, 3, 17, 24, 4, NULL, NULL),
(1147, 103, 3, 17, 25, 3, NULL, NULL),
(1148, 103, 3, 17, 26, 3, NULL, NULL),
(1149, 103, 3, 17, 27, 4, NULL, NULL),
(1150, 103, 3, 17, 28, 5, NULL, NULL),
(1151, 103, 3, 17, 29, 4, NULL, NULL),
(1152, 103, 3, 17, 30, 4, NULL, NULL),
(1153, 103, 3, 17, 31, 5, NULL, NULL),
(1154, 103, 3, 17, 32, 4, NULL, NULL),
(1155, 103, 3, 17, 33, 5, NULL, NULL),
(1156, 103, 3, 17, 34, 5, NULL, NULL),
(1157, 103, 15, 17, 1, 2, NULL, NULL),
(1158, 103, 15, 17, 2, 3, NULL, NULL),
(1159, 103, 15, 17, 3, 4, NULL, NULL),
(1160, 103, 15, 17, 4, 5, NULL, NULL),
(1161, 103, 15, 17, 5, 4, NULL, NULL),
(1162, 103, 15, 17, 6, 3, NULL, NULL),
(1163, 103, 15, 17, 7, 3, NULL, NULL),
(1164, 103, 15, 17, 8, 3, NULL, NULL),
(1165, 103, 15, 17, 9, 4, NULL, NULL),
(1166, 103, 15, 17, 10, 5, NULL, NULL),
(1167, 103, 15, 17, 11, 4, NULL, NULL),
(1168, 103, 15, 17, 12, 3, NULL, NULL),
(1169, 103, 15, 17, 13, 4, NULL, NULL),
(1170, 103, 15, 17, 14, 5, NULL, NULL),
(1171, 103, 15, 17, 15, 4, NULL, NULL),
(1172, 103, 15, 17, 16, 4, NULL, NULL),
(1173, 103, 15, 17, 17, 3, NULL, NULL),
(1174, 103, 15, 17, 18, 4, NULL, NULL),
(1175, 103, 15, 17, 19, 4, NULL, NULL),
(1176, 103, 15, 17, 20, 4, NULL, NULL),
(1177, 103, 15, 17, 21, 5, NULL, NULL),
(1178, 103, 15, 17, 22, 4, NULL, NULL),
(1179, 103, 15, 17, 23, 4, NULL, NULL),
(1180, 103, 15, 17, 24, 5, NULL, NULL),
(1181, 103, 15, 17, 25, 4, NULL, NULL),
(1182, 103, 15, 17, 26, 4, NULL, NULL),
(1183, 103, 15, 17, 27, 5, NULL, NULL),
(1184, 103, 15, 17, 28, 5, NULL, NULL),
(1185, 103, 15, 17, 29, 4, NULL, NULL),
(1186, 103, 15, 17, 30, 5, NULL, NULL),
(1187, 103, 15, 17, 31, 4, NULL, NULL),
(1188, 103, 15, 17, 32, 5, NULL, NULL),
(1189, 103, 15, 17, 33, 5, NULL, NULL),
(1190, 103, 15, 17, 34, 5, NULL, NULL),
(1191, 103, 16, 17, 1, 3, NULL, NULL),
(1192, 103, 16, 17, 2, 4, NULL, NULL),
(1193, 103, 16, 17, 3, 4, NULL, NULL),
(1194, 103, 16, 17, 4, 4, NULL, NULL),
(1195, 103, 16, 17, 5, 3, NULL, NULL),
(1196, 103, 16, 17, 6, 4, NULL, NULL),
(1197, 103, 16, 17, 7, 4, NULL, NULL),
(1198, 103, 16, 17, 8, 3, NULL, NULL),
(1199, 103, 16, 17, 9, 4, NULL, NULL),
(1200, 103, 16, 17, 10, 5, NULL, NULL),
(1201, 103, 16, 17, 11, 4, NULL, NULL),
(1202, 103, 16, 17, 12, 3, NULL, NULL),
(1203, 103, 16, 17, 13, 4, NULL, NULL),
(1204, 103, 16, 17, 14, 5, NULL, NULL),
(1205, 103, 16, 17, 15, 4, NULL, NULL),
(1206, 103, 16, 17, 16, 4, NULL, NULL),
(1207, 103, 16, 17, 17, 5, NULL, NULL),
(1208, 103, 16, 17, 18, 4, NULL, NULL),
(1209, 103, 16, 17, 19, 5, NULL, NULL),
(1210, 103, 16, 17, 20, 5, NULL, NULL),
(1211, 103, 16, 17, 21, 4, NULL, NULL),
(1212, 103, 16, 17, 22, 3, NULL, NULL),
(1213, 103, 16, 17, 23, 4, NULL, NULL),
(1214, 103, 16, 17, 24, 5, NULL, NULL),
(1215, 103, 16, 17, 25, 4, NULL, NULL),
(1216, 103, 16, 17, 26, 4, NULL, NULL),
(1217, 103, 16, 17, 27, 5, NULL, NULL),
(1218, 103, 16, 17, 28, 4, NULL, NULL),
(1219, 103, 16, 17, 29, 3, NULL, NULL),
(1220, 103, 16, 17, 30, 4, NULL, NULL),
(1221, 103, 16, 17, 31, 5, NULL, NULL),
(1222, 103, 16, 17, 32, 4, NULL, NULL),
(1223, 103, 16, 17, 33, 4, NULL, NULL),
(1224, 103, 16, 17, 34, 5, NULL, NULL),
(1225, 103, 3, 18, 1, 3, NULL, NULL),
(1226, 103, 3, 18, 2, 3, NULL, NULL),
(1227, 103, 3, 18, 3, 4, NULL, NULL),
(1228, 103, 3, 18, 4, 4, NULL, NULL),
(1229, 103, 3, 18, 5, 4, NULL, NULL),
(1230, 103, 3, 18, 6, 5, NULL, NULL),
(1231, 103, 3, 18, 7, 5, NULL, NULL),
(1232, 103, 3, 18, 8, 4, NULL, NULL),
(1233, 103, 3, 18, 9, 4, NULL, NULL),
(1234, 103, 3, 18, 10, 5, NULL, NULL),
(1235, 103, 3, 18, 11, 5, NULL, NULL),
(1236, 103, 3, 18, 12, 4, NULL, NULL),
(1237, 103, 3, 18, 13, 3, NULL, NULL),
(1238, 103, 3, 18, 14, 4, NULL, NULL),
(1239, 103, 3, 18, 15, 5, NULL, NULL),
(1240, 103, 3, 18, 16, 5, NULL, NULL),
(1241, 103, 3, 18, 17, 5, NULL, NULL),
(1242, 103, 3, 18, 18, 4, NULL, NULL),
(1243, 103, 3, 18, 19, 3, NULL, NULL),
(1244, 103, 3, 18, 20, 4, NULL, NULL),
(1245, 103, 3, 18, 21, 4, NULL, NULL),
(1246, 103, 3, 18, 22, 4, NULL, NULL),
(1247, 103, 3, 18, 23, 5, NULL, NULL),
(1248, 103, 3, 18, 24, 5, NULL, NULL),
(1249, 103, 3, 18, 25, 4, NULL, NULL),
(1250, 103, 3, 18, 26, 4, NULL, NULL),
(1251, 103, 3, 18, 27, 5, NULL, NULL),
(1252, 103, 3, 18, 28, 5, NULL, NULL),
(1253, 103, 3, 18, 29, 4, NULL, NULL),
(1254, 103, 3, 18, 30, 5, NULL, NULL),
(1255, 103, 3, 18, 31, 5, NULL, NULL),
(1256, 103, 3, 18, 32, 5, NULL, NULL),
(1257, 103, 3, 18, 33, 4, NULL, NULL),
(1258, 103, 3, 18, 34, 5, NULL, NULL),
(1259, 103, 15, 18, 1, 4, NULL, NULL),
(1260, 103, 15, 18, 2, 4, NULL, NULL),
(1261, 103, 15, 18, 3, 3, NULL, NULL),
(1262, 103, 15, 18, 4, 3, NULL, NULL),
(1263, 103, 15, 18, 5, 3, NULL, NULL),
(1264, 103, 15, 18, 6, 3, NULL, NULL),
(1265, 103, 15, 18, 7, 4, NULL, NULL),
(1266, 103, 15, 18, 8, 4, NULL, NULL),
(1267, 103, 15, 18, 9, 3, NULL, NULL),
(1268, 103, 15, 18, 10, 3, NULL, NULL),
(1269, 103, 15, 18, 11, 4, NULL, NULL),
(1270, 103, 15, 18, 12, 5, NULL, NULL),
(1271, 103, 15, 18, 13, 4, NULL, NULL),
(1272, 103, 15, 18, 14, 3, NULL, NULL),
(1273, 103, 15, 18, 15, 3, NULL, NULL),
(1274, 103, 15, 18, 16, 4, NULL, NULL),
(1275, 103, 15, 18, 17, 5, NULL, NULL),
(1276, 103, 15, 18, 18, 4, NULL, NULL),
(1277, 103, 15, 18, 19, 3, NULL, NULL),
(1278, 103, 15, 18, 20, 4, NULL, NULL),
(1279, 103, 15, 18, 21, 5, NULL, NULL),
(1280, 103, 15, 18, 22, 5, NULL, NULL),
(1281, 103, 15, 18, 23, 3, NULL, NULL),
(1282, 103, 15, 18, 24, 4, NULL, NULL),
(1283, 103, 15, 18, 25, 3, NULL, NULL),
(1284, 103, 15, 18, 26, 4, NULL, NULL),
(1285, 103, 15, 18, 27, 5, NULL, NULL),
(1286, 103, 15, 18, 28, 4, NULL, NULL),
(1287, 103, 15, 18, 29, 3, NULL, NULL),
(1288, 103, 15, 18, 30, 4, NULL, NULL),
(1289, 103, 15, 18, 31, 5, NULL, NULL),
(1290, 103, 15, 18, 32, 4, NULL, NULL),
(1291, 103, 15, 18, 33, 3, NULL, NULL),
(1292, 103, 15, 18, 34, 4, NULL, NULL),
(1293, 103, 16, 18, 1, 1, NULL, NULL),
(1294, 103, 16, 18, 2, 2, NULL, NULL),
(1295, 103, 16, 18, 3, 3, NULL, NULL),
(1296, 103, 16, 18, 4, 4, NULL, NULL),
(1297, 103, 16, 18, 5, 4, NULL, NULL),
(1298, 103, 16, 18, 6, 3, NULL, NULL),
(1299, 103, 16, 18, 7, 2, NULL, NULL),
(1300, 103, 16, 18, 8, 1, NULL, NULL),
(1301, 103, 16, 18, 9, 2, NULL, NULL),
(1302, 103, 16, 18, 10, 3, NULL, NULL),
(1303, 103, 16, 18, 11, 4, NULL, NULL),
(1304, 103, 16, 18, 12, 4, NULL, NULL),
(1305, 103, 16, 18, 13, 4, NULL, NULL),
(1306, 103, 16, 18, 14, 3, NULL, NULL),
(1307, 103, 16, 18, 15, 4, NULL, NULL),
(1308, 103, 16, 18, 16, 4, NULL, NULL),
(1309, 103, 16, 18, 17, 5, NULL, NULL),
(1310, 103, 16, 18, 18, 4, NULL, NULL),
(1311, 103, 16, 18, 19, 3, NULL, NULL),
(1312, 103, 16, 18, 20, 4, NULL, NULL),
(1313, 103, 16, 18, 21, 5, NULL, NULL),
(1314, 103, 16, 18, 22, 5, NULL, NULL),
(1315, 103, 16, 18, 23, 4, NULL, NULL),
(1316, 103, 16, 18, 24, 3, NULL, NULL),
(1317, 103, 16, 18, 25, 3, NULL, NULL),
(1318, 103, 16, 18, 26, 4, NULL, NULL),
(1319, 103, 16, 18, 27, 5, NULL, NULL),
(1320, 103, 16, 18, 28, 5, NULL, NULL),
(1321, 103, 16, 18, 29, 4, NULL, NULL),
(1322, 103, 16, 18, 30, 3, NULL, NULL),
(1323, 103, 16, 18, 31, 4, NULL, NULL),
(1324, 103, 16, 18, 32, 5, NULL, NULL),
(1325, 103, 16, 18, 33, 5, NULL, NULL),
(1326, 103, 16, 18, 34, 5, NULL, NULL),
(1327, 103, 3, 19, 1, 4, NULL, NULL),
(1328, 103, 3, 19, 2, 4, NULL, NULL),
(1329, 103, 3, 19, 3, 5, NULL, NULL),
(1330, 103, 3, 19, 4, 5, NULL, NULL),
(1331, 103, 3, 19, 5, 5, NULL, NULL),
(1332, 103, 3, 19, 6, 5, NULL, NULL),
(1333, 103, 3, 19, 7, 5, NULL, NULL),
(1334, 103, 3, 19, 8, 4, NULL, NULL),
(1335, 103, 3, 19, 9, 5, NULL, NULL),
(1336, 103, 3, 19, 10, 5, NULL, NULL),
(1337, 103, 3, 19, 11, 5, NULL, NULL),
(1338, 103, 3, 19, 12, 5, NULL, NULL),
(1339, 103, 3, 19, 13, 5, NULL, NULL),
(1340, 103, 3, 19, 14, 5, NULL, NULL),
(1341, 103, 3, 19, 15, 5, NULL, NULL),
(1342, 103, 3, 19, 16, 5, NULL, NULL),
(1343, 103, 3, 19, 17, 5, NULL, NULL),
(1344, 103, 3, 19, 18, 5, NULL, NULL),
(1345, 103, 3, 19, 19, 5, NULL, NULL),
(1346, 103, 3, 19, 20, 5, NULL, NULL),
(1347, 103, 3, 19, 21, 5, NULL, NULL),
(1348, 103, 3, 19, 22, 5, NULL, NULL),
(1349, 103, 3, 19, 23, 4, NULL, NULL),
(1350, 103, 3, 19, 24, 5, NULL, NULL),
(1351, 103, 3, 19, 25, 5, NULL, NULL),
(1352, 103, 3, 19, 26, 5, NULL, NULL),
(1353, 103, 3, 19, 27, 5, NULL, NULL),
(1354, 103, 3, 19, 28, 5, NULL, NULL),
(1355, 103, 3, 19, 29, 5, NULL, NULL),
(1356, 103, 3, 19, 30, 5, NULL, NULL),
(1357, 103, 3, 19, 31, 5, NULL, NULL),
(1358, 103, 3, 19, 32, 5, NULL, NULL),
(1359, 103, 3, 19, 33, 5, NULL, NULL),
(1360, 103, 3, 19, 34, 5, NULL, NULL),
(1361, 103, 15, 19, 1, 3, NULL, NULL),
(1362, 103, 15, 19, 2, 3, NULL, NULL),
(1363, 103, 15, 19, 3, 3, NULL, NULL),
(1364, 103, 15, 19, 4, 3, NULL, NULL),
(1365, 103, 15, 19, 5, 3, NULL, NULL),
(1366, 103, 15, 19, 6, 3, NULL, NULL),
(1367, 103, 15, 19, 7, 3, NULL, NULL),
(1368, 103, 15, 19, 8, 4, NULL, NULL),
(1369, 103, 15, 19, 9, 4, NULL, NULL),
(1370, 103, 15, 19, 10, 4, NULL, NULL),
(1371, 103, 15, 19, 11, 4, NULL, NULL),
(1372, 103, 15, 19, 12, 4, NULL, NULL),
(1373, 103, 15, 19, 13, 4, NULL, NULL),
(1374, 103, 15, 19, 14, 3, NULL, NULL),
(1375, 103, 15, 19, 15, 3, NULL, NULL),
(1376, 103, 15, 19, 16, 3, NULL, NULL),
(1377, 103, 15, 19, 17, 3, NULL, NULL),
(1378, 103, 15, 19, 18, 3, NULL, NULL),
(1379, 103, 15, 19, 19, 3, NULL, NULL),
(1380, 103, 15, 19, 20, 4, NULL, NULL),
(1381, 103, 15, 19, 21, 4, NULL, NULL),
(1382, 103, 15, 19, 22, 5, NULL, NULL),
(1383, 103, 15, 19, 23, 5, NULL, NULL),
(1384, 103, 15, 19, 24, 5, NULL, NULL),
(1385, 103, 15, 19, 25, 5, NULL, NULL),
(1386, 103, 15, 19, 26, 5, NULL, NULL),
(1387, 103, 15, 19, 27, 4, NULL, NULL),
(1388, 103, 15, 19, 28, 3, NULL, NULL),
(1389, 103, 15, 19, 29, 3, NULL, NULL),
(1390, 103, 15, 19, 30, 4, NULL, NULL),
(1391, 103, 15, 19, 31, 5, NULL, NULL),
(1392, 103, 15, 19, 32, 5, NULL, NULL),
(1393, 103, 15, 19, 33, 5, NULL, NULL),
(1394, 103, 15, 19, 34, 5, NULL, NULL),
(1395, 103, 16, 19, 1, 3, NULL, NULL),
(1396, 103, 16, 19, 2, 4, NULL, NULL),
(1397, 103, 16, 19, 3, 4, NULL, NULL),
(1398, 103, 16, 19, 4, 4, NULL, NULL),
(1399, 103, 16, 19, 5, 5, NULL, NULL),
(1400, 103, 16, 19, 6, 5, NULL, NULL),
(1401, 103, 16, 19, 7, 5, NULL, NULL),
(1402, 103, 16, 19, 8, 5, NULL, NULL),
(1403, 103, 16, 19, 9, 4, NULL, NULL),
(1404, 103, 16, 19, 10, 4, NULL, NULL),
(1405, 103, 16, 19, 11, 4, NULL, NULL),
(1406, 103, 16, 19, 12, 5, NULL, NULL),
(1407, 103, 16, 19, 13, 5, NULL, NULL),
(1408, 103, 16, 19, 14, 4, NULL, NULL),
(1409, 103, 16, 19, 15, 4, NULL, NULL),
(1410, 103, 16, 19, 16, 4, NULL, NULL),
(1411, 103, 16, 19, 17, 5, NULL, NULL),
(1412, 103, 16, 19, 18, 5, NULL, NULL),
(1413, 103, 16, 19, 19, 4, NULL, NULL),
(1414, 103, 16, 19, 20, 4, NULL, NULL),
(1415, 103, 16, 19, 21, 5, NULL, NULL),
(1416, 103, 16, 19, 22, 5, NULL, NULL),
(1417, 103, 16, 19, 23, 4, NULL, NULL),
(1418, 103, 16, 19, 24, 4, NULL, NULL),
(1419, 103, 16, 19, 25, 5, NULL, NULL),
(1420, 103, 16, 19, 26, 5, NULL, NULL),
(1421, 103, 16, 19, 27, 4, NULL, NULL),
(1422, 103, 16, 19, 28, 4, NULL, NULL),
(1423, 103, 16, 19, 29, 5, NULL, NULL),
(1424, 103, 16, 19, 30, 5, NULL, NULL),
(1425, 103, 16, 19, 31, 4, NULL, NULL),
(1426, 103, 16, 19, 32, 4, NULL, NULL),
(1427, 103, 16, 19, 33, 5, NULL, NULL),
(1428, 103, 16, 19, 34, 5, NULL, NULL),
(1429, 103, 19, 18, 1, 3, NULL, NULL),
(1430, 103, 19, 18, 2, 4, NULL, NULL),
(1431, 103, 19, 18, 3, 4, NULL, NULL),
(1432, 103, 19, 18, 4, 4, NULL, NULL),
(1433, 103, 19, 18, 5, 5, NULL, NULL),
(1434, 103, 19, 18, 6, 4, NULL, NULL),
(1435, 103, 19, 18, 7, 4, NULL, NULL),
(1436, 103, 19, 18, 8, 5, NULL, NULL),
(1437, 103, 19, 18, 9, 5, NULL, NULL),
(1438, 103, 19, 18, 10, 5, NULL, NULL),
(1439, 103, 19, 18, 11, 4, NULL, NULL),
(1440, 103, 19, 18, 12, 5, NULL, NULL),
(1441, 103, 19, 18, 13, 4, NULL, NULL),
(1442, 103, 19, 18, 14, 5, NULL, NULL),
(1443, 103, 19, 18, 15, 5, NULL, NULL),
(1444, 103, 19, 18, 16, 4, NULL, NULL),
(1445, 103, 19, 18, 17, 4, NULL, NULL),
(1446, 103, 19, 18, 18, 4, NULL, NULL),
(1447, 103, 19, 18, 19, 5, NULL, NULL),
(1448, 103, 19, 18, 20, 5, NULL, NULL),
(1449, 103, 19, 18, 21, 4, NULL, NULL),
(1450, 103, 19, 18, 22, 4, NULL, NULL),
(1451, 103, 19, 18, 23, 4, NULL, NULL),
(1452, 103, 19, 18, 24, 5, NULL, NULL),
(1453, 103, 19, 18, 25, 5, NULL, NULL),
(1454, 103, 19, 18, 26, 4, NULL, NULL),
(1455, 103, 19, 18, 27, 4, NULL, NULL),
(1456, 103, 19, 18, 28, 5, NULL, NULL),
(1457, 103, 19, 18, 29, 5, NULL, NULL),
(1458, 103, 19, 18, 30, 4, NULL, NULL),
(1459, 103, 19, 18, 31, 4, NULL, NULL),
(1460, 103, 19, 18, 32, 4, NULL, NULL),
(1461, 103, 19, 18, 33, 4, NULL, NULL),
(1462, 103, 19, 18, 34, 5, NULL, NULL),
(1463, 103, 19, 17, 1, 3, NULL, NULL),
(1464, 103, 19, 17, 2, 4, NULL, NULL),
(1465, 103, 19, 17, 3, 4, NULL, NULL),
(1466, 103, 19, 17, 4, 4, NULL, NULL),
(1467, 103, 19, 17, 5, 5, NULL, NULL),
(1468, 103, 19, 17, 6, 5, NULL, NULL);
INSERT INTO `peer_results` (`id`, `peer_survey_id`, `user_id`, `peer_id`, `indicator_id`, `answer`, `created_at`, `updated_at`) VALUES
(1469, 103, 19, 17, 7, 5, NULL, NULL),
(1470, 103, 19, 17, 8, 4, NULL, NULL),
(1471, 103, 19, 17, 9, 4, NULL, NULL),
(1472, 103, 19, 17, 10, 5, NULL, NULL),
(1473, 103, 19, 17, 11, 4, NULL, NULL),
(1474, 103, 19, 17, 12, 3, NULL, NULL),
(1475, 103, 19, 17, 13, 4, NULL, NULL),
(1476, 103, 19, 17, 14, 5, NULL, NULL),
(1477, 103, 19, 17, 15, 5, NULL, NULL),
(1478, 103, 19, 17, 16, 4, NULL, NULL),
(1479, 103, 19, 17, 17, 3, NULL, NULL),
(1480, 103, 19, 17, 18, 3, NULL, NULL),
(1481, 103, 19, 17, 19, 3, NULL, NULL),
(1482, 103, 19, 17, 20, 4, NULL, NULL),
(1483, 103, 19, 17, 21, 5, NULL, NULL),
(1484, 103, 19, 17, 22, 5, NULL, NULL),
(1485, 103, 19, 17, 23, 4, NULL, NULL),
(1486, 103, 19, 17, 24, 3, NULL, NULL),
(1487, 103, 19, 17, 25, 3, NULL, NULL),
(1488, 103, 19, 17, 26, 4, NULL, NULL),
(1489, 103, 19, 17, 27, 5, NULL, NULL),
(1490, 103, 19, 17, 28, 4, NULL, NULL),
(1491, 103, 19, 17, 29, 3, NULL, NULL),
(1492, 103, 19, 17, 30, 4, NULL, NULL),
(1493, 103, 19, 17, 31, 5, NULL, NULL),
(1494, 103, 19, 17, 32, 5, NULL, NULL),
(1495, 103, 19, 17, 33, 4, NULL, NULL),
(1496, 103, 19, 17, 34, 3, NULL, NULL),
(1497, 103, 17, 18, 1, 3, NULL, NULL),
(1498, 103, 17, 18, 2, 3, NULL, NULL),
(1499, 103, 17, 18, 3, 4, NULL, NULL),
(1500, 103, 17, 18, 4, 4, NULL, NULL),
(1501, 103, 17, 18, 5, 3, NULL, NULL),
(1502, 103, 17, 18, 6, 3, NULL, NULL),
(1503, 103, 17, 18, 7, 4, NULL, NULL),
(1504, 103, 17, 18, 8, 4, NULL, NULL),
(1505, 103, 17, 18, 9, 3, NULL, NULL),
(1506, 103, 17, 18, 10, 3, NULL, NULL),
(1507, 103, 17, 18, 11, 4, NULL, NULL),
(1508, 103, 17, 18, 12, 4, NULL, NULL),
(1509, 103, 17, 18, 13, 3, NULL, NULL),
(1510, 103, 17, 18, 14, 3, NULL, NULL),
(1511, 103, 17, 18, 15, 4, NULL, NULL),
(1512, 103, 17, 18, 16, 5, NULL, NULL),
(1513, 103, 17, 18, 17, 4, NULL, NULL),
(1514, 103, 17, 18, 18, 3, NULL, NULL),
(1515, 103, 17, 18, 19, 4, NULL, NULL),
(1516, 103, 17, 18, 20, 5, NULL, NULL),
(1517, 103, 17, 18, 21, 4, NULL, NULL),
(1518, 103, 17, 18, 22, 3, NULL, NULL),
(1519, 103, 17, 18, 23, 4, NULL, NULL),
(1520, 103, 17, 18, 24, 4, NULL, NULL),
(1521, 103, 17, 18, 25, 4, NULL, NULL),
(1522, 103, 17, 18, 26, 3, NULL, NULL),
(1523, 103, 17, 18, 27, 4, NULL, NULL),
(1524, 103, 17, 18, 28, 5, NULL, NULL),
(1525, 103, 17, 18, 29, 4, NULL, NULL),
(1526, 103, 17, 18, 30, 3, NULL, NULL),
(1527, 103, 17, 18, 31, 3, NULL, NULL),
(1528, 103, 17, 18, 32, 4, NULL, NULL),
(1529, 103, 17, 18, 33, 5, NULL, NULL),
(1530, 103, 17, 18, 34, 5, NULL, NULL),
(1531, 103, 17, 19, 1, 3, NULL, NULL),
(1532, 103, 17, 19, 2, 4, NULL, NULL),
(1533, 103, 17, 19, 3, 4, NULL, NULL),
(1534, 103, 17, 19, 4, 4, NULL, NULL),
(1535, 103, 17, 19, 5, 4, NULL, NULL),
(1536, 103, 17, 19, 6, 3, NULL, NULL),
(1537, 103, 17, 19, 7, 3, NULL, NULL),
(1538, 103, 17, 19, 8, 4, NULL, NULL),
(1539, 103, 17, 19, 9, 4, NULL, NULL),
(1540, 103, 17, 19, 10, 4, NULL, NULL),
(1541, 103, 17, 19, 11, 3, NULL, NULL),
(1542, 103, 17, 19, 12, 3, NULL, NULL),
(1543, 103, 17, 19, 13, 4, NULL, NULL),
(1544, 103, 17, 19, 14, 4, NULL, NULL),
(1545, 103, 17, 19, 15, 4, NULL, NULL),
(1546, 103, 17, 19, 16, 5, NULL, NULL),
(1547, 103, 17, 19, 17, 5, NULL, NULL),
(1548, 103, 17, 19, 18, 5, NULL, NULL),
(1549, 103, 17, 19, 19, 5, NULL, NULL),
(1550, 103, 17, 19, 20, 4, NULL, NULL),
(1551, 103, 17, 19, 21, 4, NULL, NULL),
(1552, 103, 17, 19, 22, 4, NULL, NULL),
(1553, 103, 17, 19, 23, 3, NULL, NULL),
(1554, 103, 17, 19, 24, 4, NULL, NULL),
(1555, 103, 17, 19, 25, 5, NULL, NULL),
(1556, 103, 17, 19, 26, 5, NULL, NULL),
(1557, 103, 17, 19, 27, 4, NULL, NULL),
(1558, 103, 17, 19, 28, 3, NULL, NULL),
(1559, 103, 17, 19, 29, 4, NULL, NULL),
(1560, 103, 17, 19, 30, 4, NULL, NULL),
(1561, 103, 17, 19, 31, 5, NULL, NULL),
(1562, 103, 17, 19, 32, 5, NULL, NULL),
(1563, 103, 17, 19, 33, 5, NULL, NULL),
(1564, 103, 17, 19, 34, 5, NULL, NULL),
(1565, 103, 18, 19, 1, 3, NULL, NULL),
(1566, 103, 18, 19, 2, 4, NULL, NULL),
(1567, 103, 18, 19, 3, 4, NULL, NULL),
(1568, 103, 18, 19, 4, 4, NULL, NULL),
(1569, 103, 18, 19, 5, 4, NULL, NULL),
(1570, 103, 18, 19, 6, 4, NULL, NULL),
(1571, 103, 18, 19, 7, 4, NULL, NULL),
(1572, 103, 18, 19, 8, 4, NULL, NULL),
(1573, 103, 18, 19, 9, 4, NULL, NULL),
(1574, 103, 18, 19, 10, 3, NULL, NULL),
(1575, 103, 18, 19, 11, 4, NULL, NULL),
(1576, 103, 18, 19, 12, 5, NULL, NULL),
(1577, 103, 18, 19, 13, 5, NULL, NULL),
(1578, 103, 18, 19, 14, 4, NULL, NULL),
(1579, 103, 18, 19, 15, 3, NULL, NULL),
(1580, 103, 18, 19, 16, 4, NULL, NULL),
(1581, 103, 18, 19, 17, 5, NULL, NULL),
(1582, 103, 18, 19, 18, 4, NULL, NULL),
(1583, 103, 18, 19, 19, 4, NULL, NULL),
(1584, 103, 18, 19, 20, 5, NULL, NULL),
(1585, 103, 18, 19, 21, 5, NULL, NULL),
(1586, 103, 18, 19, 22, 4, NULL, NULL),
(1587, 103, 18, 19, 23, 5, NULL, NULL),
(1588, 103, 18, 19, 24, 4, NULL, NULL),
(1589, 103, 18, 19, 25, 5, NULL, NULL),
(1590, 103, 18, 19, 26, 4, NULL, NULL),
(1591, 103, 18, 19, 27, 4, NULL, NULL),
(1592, 103, 18, 19, 28, 5, NULL, NULL),
(1593, 103, 18, 19, 29, 5, NULL, NULL),
(1594, 103, 18, 19, 30, 4, NULL, NULL),
(1595, 103, 18, 19, 31, 5, NULL, NULL),
(1596, 103, 18, 19, 32, 5, NULL, NULL),
(1597, 103, 18, 19, 33, 4, NULL, NULL),
(1598, 103, 18, 19, 34, 5, NULL, NULL),
(1599, 103, 18, 17, 1, 3, NULL, NULL),
(1600, 103, 18, 17, 2, 3, NULL, NULL),
(1601, 103, 18, 17, 3, 3, NULL, NULL),
(1602, 103, 18, 17, 4, 3, NULL, NULL),
(1603, 103, 18, 17, 5, 4, NULL, NULL),
(1604, 103, 18, 17, 6, 4, NULL, NULL),
(1605, 103, 18, 17, 7, 4, NULL, NULL),
(1606, 103, 18, 17, 8, 4, NULL, NULL),
(1607, 103, 18, 17, 9, 4, NULL, NULL),
(1608, 103, 18, 17, 10, 4, NULL, NULL),
(1609, 103, 18, 17, 11, 5, NULL, NULL),
(1610, 103, 18, 17, 12, 5, NULL, NULL),
(1611, 103, 18, 17, 13, 5, NULL, NULL),
(1612, 103, 18, 17, 14, 5, NULL, NULL),
(1613, 103, 18, 17, 15, 5, NULL, NULL),
(1614, 103, 18, 17, 16, 4, NULL, NULL),
(1615, 103, 18, 17, 17, 4, NULL, NULL),
(1616, 103, 18, 17, 18, 4, NULL, NULL),
(1617, 103, 18, 17, 19, 4, NULL, NULL),
(1618, 103, 18, 17, 20, 4, NULL, NULL),
(1619, 103, 18, 17, 21, 4, NULL, NULL),
(1620, 103, 18, 17, 22, 4, NULL, NULL),
(1621, 103, 18, 17, 23, 4, NULL, NULL),
(1622, 103, 18, 17, 24, 5, NULL, NULL),
(1623, 103, 18, 17, 25, 5, NULL, NULL),
(1624, 103, 18, 17, 26, 4, NULL, NULL),
(1625, 103, 18, 17, 27, 4, NULL, NULL),
(1626, 103, 18, 17, 28, 4, NULL, NULL),
(1627, 103, 18, 17, 29, 5, NULL, NULL),
(1628, 103, 18, 17, 30, 5, NULL, NULL),
(1629, 103, 18, 17, 31, 5, NULL, NULL),
(1630, 103, 18, 17, 32, 4, NULL, NULL),
(1631, 103, 18, 17, 33, 4, NULL, NULL),
(1632, 103, 18, 17, 34, 4, NULL, NULL),
(1633, 103, 17, 16, 1, 3, NULL, NULL),
(1634, 103, 17, 16, 2, 3, NULL, NULL),
(1635, 103, 17, 16, 3, 3, NULL, NULL),
(1636, 103, 17, 16, 4, 4, NULL, NULL),
(1637, 103, 17, 16, 5, 4, NULL, NULL),
(1638, 103, 17, 16, 6, 4, NULL, NULL),
(1639, 103, 17, 16, 7, 4, NULL, NULL),
(1640, 103, 17, 16, 8, 4, NULL, NULL),
(1641, 103, 17, 16, 9, 3, NULL, NULL),
(1642, 103, 17, 16, 10, 4, NULL, NULL),
(1643, 103, 17, 16, 11, 3, NULL, NULL),
(1644, 103, 17, 16, 12, 3, NULL, NULL),
(1645, 103, 17, 16, 13, 4, NULL, NULL),
(1646, 103, 17, 16, 14, 4, NULL, NULL),
(1647, 103, 17, 16, 15, 4, NULL, NULL),
(1648, 103, 17, 16, 16, 3, NULL, NULL),
(1649, 103, 17, 16, 17, 4, NULL, NULL),
(1650, 103, 17, 16, 18, 4, NULL, NULL),
(1651, 103, 17, 16, 19, 5, NULL, NULL),
(1652, 103, 17, 16, 20, 4, NULL, NULL),
(1653, 103, 17, 16, 21, 4, NULL, NULL),
(1654, 103, 17, 16, 22, 3, NULL, NULL),
(1655, 103, 17, 16, 23, 4, NULL, NULL),
(1656, 103, 17, 16, 24, 4, NULL, NULL),
(1657, 103, 17, 16, 25, 5, NULL, NULL),
(1658, 103, 17, 16, 26, 4, NULL, NULL),
(1659, 103, 17, 16, 27, 3, NULL, NULL),
(1660, 103, 17, 16, 28, 4, NULL, NULL),
(1661, 103, 17, 16, 29, 5, NULL, NULL),
(1662, 103, 17, 16, 30, 5, NULL, NULL),
(1663, 103, 17, 16, 31, 5, NULL, NULL),
(1664, 103, 17, 16, 32, 5, NULL, NULL),
(1665, 103, 17, 16, 33, 5, NULL, NULL),
(1666, 103, 17, 16, 34, 4, NULL, NULL),
(1667, 103, 18, 16, 1, 3, NULL, NULL),
(1668, 103, 18, 16, 2, 3, NULL, NULL),
(1669, 103, 18, 16, 3, 4, NULL, NULL),
(1670, 103, 18, 16, 4, 3, NULL, NULL),
(1671, 103, 18, 16, 5, 4, NULL, NULL),
(1672, 103, 18, 16, 6, 4, NULL, NULL),
(1673, 103, 18, 16, 7, 3, NULL, NULL),
(1674, 103, 18, 16, 8, 4, NULL, NULL),
(1675, 103, 18, 16, 9, 4, NULL, NULL),
(1676, 103, 18, 16, 10, 3, NULL, NULL),
(1677, 103, 18, 16, 11, 4, NULL, NULL),
(1678, 103, 18, 16, 12, 4, NULL, NULL),
(1679, 103, 18, 16, 13, 5, NULL, NULL),
(1680, 103, 18, 16, 14, 4, NULL, NULL),
(1681, 103, 18, 16, 15, 3, NULL, NULL),
(1682, 103, 18, 16, 16, 4, NULL, NULL),
(1683, 103, 18, 16, 17, 4, NULL, NULL),
(1684, 103, 18, 16, 18, 5, NULL, NULL),
(1685, 103, 18, 16, 19, 4, NULL, NULL),
(1686, 103, 18, 16, 20, 3, NULL, NULL),
(1687, 103, 18, 16, 21, 4, NULL, NULL),
(1688, 103, 18, 16, 22, 5, NULL, NULL),
(1689, 103, 18, 16, 23, 5, NULL, NULL),
(1690, 103, 18, 16, 24, 4, NULL, NULL),
(1691, 103, 18, 16, 25, 4, NULL, NULL),
(1692, 103, 18, 16, 26, 3, NULL, NULL),
(1693, 103, 18, 16, 27, 4, NULL, NULL),
(1694, 103, 18, 16, 28, 5, NULL, NULL),
(1695, 103, 18, 16, 29, 5, NULL, NULL),
(1696, 103, 18, 16, 30, 5, NULL, NULL),
(1697, 103, 18, 16, 31, 4, NULL, NULL),
(1698, 103, 18, 16, 32, 4, NULL, NULL),
(1699, 103, 18, 16, 33, 5, NULL, NULL),
(1700, 103, 18, 16, 34, 5, NULL, NULL),
(1701, 103, 19, 16, 1, 2, NULL, NULL),
(1702, 103, 19, 16, 2, 3, NULL, NULL),
(1703, 103, 19, 16, 3, 4, NULL, NULL),
(1704, 103, 19, 16, 4, 4, NULL, NULL),
(1705, 103, 19, 16, 5, 4, NULL, NULL),
(1706, 103, 19, 16, 6, 3, NULL, NULL),
(1707, 103, 19, 16, 7, 3, NULL, NULL),
(1708, 103, 19, 16, 8, 4, NULL, NULL),
(1709, 103, 19, 16, 9, 5, NULL, NULL),
(1710, 103, 19, 16, 10, 4, NULL, NULL),
(1711, 103, 19, 16, 11, 4, NULL, NULL),
(1712, 103, 19, 16, 12, 3, NULL, NULL),
(1713, 103, 19, 16, 13, 4, NULL, NULL),
(1714, 103, 19, 16, 14, 5, NULL, NULL),
(1715, 103, 19, 16, 15, 4, NULL, NULL),
(1716, 103, 19, 16, 16, 3, NULL, NULL),
(1717, 103, 19, 16, 17, 3, NULL, NULL),
(1718, 103, 19, 16, 18, 4, NULL, NULL),
(1719, 103, 19, 16, 19, 5, NULL, NULL),
(1720, 103, 19, 16, 20, 4, NULL, NULL),
(1721, 103, 19, 16, 21, 4, NULL, NULL),
(1722, 103, 19, 16, 22, 3, NULL, NULL),
(1723, 103, 19, 16, 23, 3, NULL, NULL),
(1724, 103, 19, 16, 24, 4, NULL, NULL),
(1725, 103, 19, 16, 25, 5, NULL, NULL),
(1726, 103, 19, 16, 26, 4, NULL, NULL),
(1727, 103, 19, 16, 27, 3, NULL, NULL),
(1728, 103, 19, 16, 28, 4, NULL, NULL),
(1729, 103, 19, 16, 29, 4, NULL, NULL),
(1730, 103, 19, 16, 30, 5, NULL, NULL),
(1731, 103, 19, 16, 31, 4, NULL, NULL),
(1732, 103, 19, 16, 32, 4, NULL, NULL),
(1733, 103, 19, 16, 33, 5, NULL, NULL),
(1734, 103, 19, 16, 34, 5, NULL, NULL),
(1735, 110, 3, 2, 1, 5, NULL, NULL),
(1736, 110, 3, 2, 2, 4, NULL, NULL),
(1737, 110, 3, 2, 3, 4, NULL, NULL),
(1738, 110, 3, 2, 4, 3, NULL, NULL),
(1739, 110, 3, 2, 5, 5, NULL, NULL),
(1740, 110, 3, 2, 6, 3, NULL, NULL),
(1741, 110, 3, 2, 7, 5, NULL, NULL),
(1742, 110, 3, 2, 8, 5, NULL, NULL),
(1743, 110, 3, 2, 9, 4, NULL, NULL),
(1744, 110, 3, 2, 10, 5, NULL, NULL),
(1745, 110, 3, 2, 11, 2, NULL, NULL),
(1746, 110, 3, 2, 12, 5, NULL, NULL),
(1747, 110, 3, 2, 13, 4, NULL, NULL),
(1748, 110, 3, 2, 14, 4, NULL, NULL),
(1749, 110, 3, 2, 15, 5, NULL, NULL),
(1750, 110, 3, 2, 16, 4, NULL, NULL),
(1751, 110, 3, 2, 17, 4, NULL, NULL),
(1752, 110, 3, 2, 18, 5, NULL, NULL),
(1753, 110, 3, 2, 19, 5, NULL, NULL),
(1754, 110, 3, 2, 20, 5, NULL, NULL),
(1755, 110, 3, 2, 21, 5, NULL, NULL),
(1756, 110, 3, 2, 22, 5, NULL, NULL),
(1757, 110, 3, 2, 23, 4, NULL, NULL),
(1758, 110, 3, 2, 24, 4, NULL, NULL),
(1759, 110, 3, 2, 25, 5, NULL, NULL),
(1760, 110, 3, 2, 26, 4, NULL, NULL),
(1761, 110, 3, 2, 27, 3, NULL, NULL),
(1762, 110, 3, 2, 28, 4, NULL, NULL),
(1763, 110, 3, 2, 29, 3, NULL, NULL),
(1764, 110, 3, 2, 30, 4, NULL, NULL),
(1765, 110, 3, 2, 31, 4, NULL, NULL),
(1766, 110, 3, 2, 32, 4, NULL, NULL),
(1767, 110, 3, 2, 33, 4, NULL, NULL),
(1768, 110, 3, 2, 34, 4, NULL, NULL),
(1769, 110, 2, 3, 1, 4, NULL, NULL),
(1770, 110, 2, 3, 2, 4, NULL, NULL),
(1771, 110, 2, 3, 3, 3, NULL, NULL),
(1772, 110, 2, 3, 4, 5, NULL, NULL),
(1773, 110, 2, 3, 5, 4, NULL, NULL),
(1774, 110, 2, 3, 6, 5, NULL, NULL),
(1775, 110, 2, 3, 7, 5, NULL, NULL),
(1776, 110, 2, 3, 8, 5, NULL, NULL),
(1777, 110, 2, 3, 9, 5, NULL, NULL),
(1778, 110, 2, 3, 10, 4, NULL, NULL),
(1779, 110, 2, 3, 11, 5, NULL, NULL),
(1780, 110, 2, 3, 12, 4, NULL, NULL),
(1781, 110, 2, 3, 13, 5, NULL, NULL),
(1782, 110, 2, 3, 14, 4, NULL, NULL),
(1783, 110, 2, 3, 15, 4, NULL, NULL),
(1784, 110, 2, 3, 16, 5, NULL, NULL),
(1785, 110, 2, 3, 17, 5, NULL, NULL),
(1786, 110, 2, 3, 18, 4, NULL, NULL),
(1787, 110, 2, 3, 19, 4, NULL, NULL),
(1788, 110, 2, 3, 20, 2, NULL, NULL),
(1789, 110, 2, 3, 21, 4, NULL, NULL),
(1790, 110, 2, 3, 22, 4, NULL, NULL),
(1791, 110, 2, 3, 23, 4, NULL, NULL),
(1792, 110, 2, 3, 24, 5, NULL, NULL),
(1793, 110, 2, 3, 25, 4, NULL, NULL),
(1794, 110, 2, 3, 26, 5, NULL, NULL),
(1795, 110, 2, 3, 27, 4, NULL, NULL),
(1796, 110, 2, 3, 28, 4, NULL, NULL),
(1797, 110, 2, 3, 29, 4, NULL, NULL),
(1798, 110, 2, 3, 30, 3, NULL, NULL),
(1799, 110, 2, 3, 31, 4, NULL, NULL),
(1800, 110, 2, 3, 32, 4, NULL, NULL),
(1801, 110, 2, 3, 33, 3, NULL, NULL),
(1802, 110, 2, 3, 34, 4, NULL, NULL),
(1803, 110, 3, 17, 1, 4, NULL, NULL),
(1804, 110, 3, 17, 2, 3, NULL, NULL),
(1805, 110, 3, 17, 3, 5, NULL, NULL),
(1806, 110, 3, 17, 4, 5, NULL, NULL),
(1807, 110, 3, 17, 5, 4, NULL, NULL),
(1808, 110, 3, 17, 6, 4, NULL, NULL),
(1809, 110, 3, 17, 7, 5, NULL, NULL),
(1810, 110, 3, 17, 8, 5, NULL, NULL),
(1811, 110, 3, 17, 9, 5, NULL, NULL),
(1812, 110, 3, 17, 10, 3, NULL, NULL),
(1813, 110, 3, 17, 11, 3, NULL, NULL),
(1814, 110, 3, 17, 12, 4, NULL, NULL),
(1815, 110, 3, 17, 13, 5, NULL, NULL),
(1816, 110, 3, 17, 14, 5, NULL, NULL),
(1817, 110, 3, 17, 15, 4, NULL, NULL),
(1818, 110, 3, 17, 16, 4, NULL, NULL),
(1819, 110, 3, 17, 17, 4, NULL, NULL),
(1820, 110, 3, 17, 18, 4, NULL, NULL),
(1821, 110, 3, 17, 19, 4, NULL, NULL),
(1822, 110, 3, 17, 20, 4, NULL, NULL),
(1823, 110, 3, 17, 21, 4, NULL, NULL),
(1824, 110, 3, 17, 22, 4, NULL, NULL),
(1825, 110, 3, 17, 23, 4, NULL, NULL),
(1826, 110, 3, 17, 24, 4, NULL, NULL),
(1827, 110, 3, 17, 25, 5, NULL, NULL),
(1828, 110, 3, 17, 26, 4, NULL, NULL),
(1829, 110, 3, 17, 27, 4, NULL, NULL),
(1830, 110, 3, 17, 28, 4, NULL, NULL),
(1831, 110, 3, 17, 29, 4, NULL, NULL),
(1832, 110, 3, 17, 30, 4, NULL, NULL),
(1833, 110, 3, 17, 31, 5, NULL, NULL),
(1834, 110, 3, 17, 32, 5, NULL, NULL),
(1835, 110, 3, 17, 33, 3, NULL, NULL),
(1836, 110, 3, 17, 34, 5, NULL, NULL),
(1837, 110, 2, 17, 1, 4, NULL, NULL),
(1838, 110, 2, 17, 2, 5, NULL, NULL),
(1839, 110, 2, 17, 3, 4, NULL, NULL),
(1840, 110, 2, 17, 4, 4, NULL, NULL),
(1841, 110, 2, 17, 5, 4, NULL, NULL),
(1842, 110, 2, 17, 6, 4, NULL, NULL),
(1843, 110, 2, 17, 7, 4, NULL, NULL),
(1844, 110, 2, 17, 8, 5, NULL, NULL),
(1845, 110, 2, 17, 9, 4, NULL, NULL),
(1846, 110, 2, 17, 10, 4, NULL, NULL),
(1847, 110, 2, 17, 11, 4, NULL, NULL),
(1848, 110, 2, 17, 12, 5, NULL, NULL),
(1849, 110, 2, 17, 13, 5, NULL, NULL),
(1850, 110, 2, 17, 14, 5, NULL, NULL),
(1851, 110, 2, 17, 15, 4, NULL, NULL),
(1852, 110, 2, 17, 16, 3, NULL, NULL),
(1853, 110, 2, 17, 17, 5, NULL, NULL),
(1854, 110, 2, 17, 18, 5, NULL, NULL),
(1855, 110, 2, 17, 19, 4, NULL, NULL),
(1856, 110, 2, 17, 20, 3, NULL, NULL),
(1857, 110, 2, 17, 21, 5, NULL, NULL),
(1858, 110, 2, 17, 22, 4, NULL, NULL),
(1859, 110, 2, 17, 23, 5, NULL, NULL),
(1860, 110, 2, 17, 24, 4, NULL, NULL),
(1861, 110, 2, 17, 25, 5, NULL, NULL),
(1862, 110, 2, 17, 26, 4, NULL, NULL),
(1863, 110, 2, 17, 27, 5, NULL, NULL),
(1864, 110, 2, 17, 28, 5, NULL, NULL),
(1865, 110, 2, 17, 29, 4, NULL, NULL),
(1866, 110, 2, 17, 30, 5, NULL, NULL),
(1867, 110, 2, 17, 31, 4, NULL, NULL),
(1868, 110, 2, 17, 32, 4, NULL, NULL),
(1869, 110, 2, 17, 33, 4, NULL, NULL),
(1870, 110, 2, 17, 34, 5, NULL, NULL),
(1871, 110, 17, 3, 1, 4, NULL, NULL),
(1872, 110, 17, 3, 2, 4, NULL, NULL),
(1873, 110, 17, 3, 3, 5, NULL, NULL),
(1874, 110, 17, 3, 4, 4, NULL, NULL),
(1875, 110, 17, 3, 5, 4, NULL, NULL),
(1876, 110, 17, 3, 6, 4, NULL, NULL),
(1877, 110, 17, 3, 7, 5, NULL, NULL),
(1878, 110, 17, 3, 8, 4, NULL, NULL),
(1879, 110, 17, 3, 9, 4, NULL, NULL),
(1880, 110, 17, 3, 10, 5, NULL, NULL),
(1881, 110, 17, 3, 11, 5, NULL, NULL),
(1882, 110, 17, 3, 12, 5, NULL, NULL),
(1883, 110, 17, 3, 13, 5, NULL, NULL),
(1884, 110, 17, 3, 14, 5, NULL, NULL),
(1885, 110, 17, 3, 15, 4, NULL, NULL),
(1886, 110, 17, 3, 16, 5, NULL, NULL),
(1887, 110, 17, 3, 17, 5, NULL, NULL),
(1888, 110, 17, 3, 18, 4, NULL, NULL),
(1889, 110, 17, 3, 19, 5, NULL, NULL),
(1890, 110, 17, 3, 20, 4, NULL, NULL),
(1891, 110, 17, 3, 21, 3, NULL, NULL),
(1892, 110, 17, 3, 22, 5, NULL, NULL),
(1893, 110, 17, 3, 23, 5, NULL, NULL),
(1894, 110, 17, 3, 24, 4, NULL, NULL),
(1895, 110, 17, 3, 25, 5, NULL, NULL),
(1896, 110, 17, 3, 26, 5, NULL, NULL),
(1897, 110, 17, 3, 27, 5, NULL, NULL),
(1898, 110, 17, 3, 28, 5, NULL, NULL),
(1899, 110, 17, 3, 29, 5, NULL, NULL),
(1900, 110, 17, 3, 30, 4, NULL, NULL),
(1901, 110, 17, 3, 31, 5, NULL, NULL),
(1902, 110, 17, 3, 32, 4, NULL, NULL),
(1903, 110, 17, 3, 33, 4, NULL, NULL),
(1904, 110, 17, 3, 34, 5, NULL, NULL),
(1905, 110, 17, 2, 1, 5, NULL, NULL),
(1906, 110, 17, 2, 2, 5, NULL, NULL),
(1907, 110, 17, 2, 3, 5, NULL, NULL),
(1908, 110, 17, 2, 4, 4, NULL, NULL),
(1909, 110, 17, 2, 5, 4, NULL, NULL),
(1910, 110, 17, 2, 6, 4, NULL, NULL),
(1911, 110, 17, 2, 7, 5, NULL, NULL),
(1912, 110, 17, 2, 8, 5, NULL, NULL),
(1913, 110, 17, 2, 9, 5, NULL, NULL),
(1914, 110, 17, 2, 10, 4, NULL, NULL),
(1915, 110, 17, 2, 11, 4, NULL, NULL),
(1916, 110, 17, 2, 12, 4, NULL, NULL),
(1917, 110, 17, 2, 13, 4, NULL, NULL),
(1918, 110, 17, 2, 14, 4, NULL, NULL),
(1919, 110, 17, 2, 15, 3, NULL, NULL),
(1920, 110, 17, 2, 16, 4, NULL, NULL),
(1921, 110, 17, 2, 17, 3, NULL, NULL),
(1922, 110, 17, 2, 18, 4, NULL, NULL),
(1923, 110, 17, 2, 19, 4, NULL, NULL),
(1924, 110, 17, 2, 20, 5, NULL, NULL),
(1925, 110, 17, 2, 21, 5, NULL, NULL),
(1926, 110, 17, 2, 22, 5, NULL, NULL),
(1927, 110, 17, 2, 23, 4, NULL, NULL),
(1928, 110, 17, 2, 24, 4, NULL, NULL),
(1929, 110, 17, 2, 25, 4, NULL, NULL),
(1930, 110, 17, 2, 26, 5, NULL, NULL),
(1931, 110, 17, 2, 27, 5, NULL, NULL),
(1932, 110, 17, 2, 28, 5, NULL, NULL),
(1933, 110, 17, 2, 29, 4, NULL, NULL),
(1934, 110, 17, 2, 30, 5, NULL, NULL),
(1935, 110, 17, 2, 31, 5, NULL, NULL),
(1936, 110, 17, 2, 32, 3, NULL, NULL),
(1937, 110, 17, 2, 33, 4, NULL, NULL),
(1938, 110, 17, 2, 34, 5, NULL, NULL),
(1939, 112, 16, 3, 1, 2, NULL, NULL),
(1940, 112, 16, 3, 2, 1, NULL, NULL),
(1941, 112, 16, 3, 3, 3, NULL, NULL),
(1942, 112, 16, 3, 4, 3, NULL, NULL),
(1943, 112, 16, 3, 5, 2, NULL, NULL),
(1944, 112, 16, 3, 6, 3, NULL, NULL),
(1945, 112, 16, 3, 7, 4, NULL, NULL),
(1946, 112, 16, 3, 8, 0, NULL, NULL),
(1947, 112, 16, 3, 9, 4, NULL, NULL),
(1948, 112, 16, 3, 10, 3, NULL, NULL),
(1949, 112, 16, 3, 11, 4, NULL, NULL),
(1950, 112, 16, 3, 12, 4, NULL, NULL),
(1951, 112, 16, 3, 13, 4, NULL, NULL),
(1952, 112, 16, 3, 14, 4, NULL, NULL),
(1953, 112, 16, 3, 15, 2, NULL, NULL),
(1954, 112, 16, 3, 16, 3, NULL, NULL),
(1955, 112, 16, 3, 17, 2, NULL, NULL),
(1956, 112, 16, 3, 18, 2, NULL, NULL),
(1957, 112, 16, 3, 19, 2, NULL, NULL),
(1958, 112, 16, 3, 20, 3, NULL, NULL),
(1959, 112, 16, 3, 21, 2, NULL, NULL),
(1960, 112, 16, 3, 22, 4, NULL, NULL),
(1961, 112, 16, 3, 23, 3, NULL, NULL),
(1962, 112, 16, 3, 24, 2, NULL, NULL),
(1963, 112, 16, 3, 25, 2, NULL, NULL),
(1964, 112, 16, 3, 26, 1, NULL, NULL),
(1965, 112, 16, 3, 27, 2, NULL, NULL),
(1966, 112, 16, 3, 28, 4, NULL, NULL),
(1967, 112, 16, 3, 29, 3, NULL, NULL),
(1968, 112, 16, 3, 30, 3, NULL, NULL),
(1969, 112, 16, 3, 31, 2, NULL, NULL),
(1970, 112, 16, 3, 32, 1, NULL, NULL),
(1971, 112, 16, 3, 33, 1, NULL, NULL),
(1972, 112, 16, 3, 34, 4, NULL, NULL),
(1973, 112, 17, 3, 1, 4, NULL, NULL),
(1974, 112, 17, 3, 2, 3, NULL, NULL),
(1975, 112, 17, 3, 3, 3, NULL, NULL),
(1976, 112, 17, 3, 4, 3, NULL, NULL),
(1977, 112, 17, 3, 5, 5, NULL, NULL),
(1978, 112, 17, 3, 6, 3, NULL, NULL),
(1979, 112, 17, 3, 7, 3, NULL, NULL),
(1980, 112, 17, 3, 8, 2, NULL, NULL),
(1981, 112, 17, 3, 9, 4, NULL, NULL),
(1982, 112, 17, 3, 10, 2, NULL, NULL),
(1983, 112, 17, 3, 11, 5, NULL, NULL),
(1984, 112, 17, 3, 12, 3, NULL, NULL),
(1985, 112, 17, 3, 13, 4, NULL, NULL),
(1986, 112, 17, 3, 14, 2, NULL, NULL),
(1987, 112, 17, 3, 15, 4, NULL, NULL),
(1988, 112, 17, 3, 16, 4, NULL, NULL),
(1989, 112, 17, 3, 17, 4, NULL, NULL),
(1990, 112, 17, 3, 18, 2, NULL, NULL),
(1991, 112, 17, 3, 19, 2, NULL, NULL),
(1992, 112, 17, 3, 20, 1, NULL, NULL),
(1993, 112, 17, 3, 21, 2, NULL, NULL),
(1994, 112, 17, 3, 22, 2, NULL, NULL),
(1995, 112, 17, 3, 23, 1, NULL, NULL),
(1996, 112, 17, 3, 24, 3, NULL, NULL),
(1997, 112, 17, 3, 25, 5, NULL, NULL),
(1998, 112, 17, 3, 26, 4, NULL, NULL),
(1999, 112, 17, 3, 27, 5, NULL, NULL),
(2000, 112, 17, 3, 28, 4, NULL, NULL),
(2001, 112, 17, 3, 29, 3, NULL, NULL),
(2002, 112, 17, 3, 30, 4, NULL, NULL),
(2003, 112, 17, 3, 31, 2, NULL, NULL),
(2004, 112, 17, 3, 32, 1, NULL, NULL),
(2005, 112, 17, 3, 33, 3, NULL, NULL),
(2006, 112, 17, 3, 34, 5, NULL, NULL),
(2007, 112, 3, 16, 1, 3, NULL, NULL),
(2008, 112, 3, 16, 2, 1, NULL, NULL),
(2009, 112, 3, 16, 3, 5, NULL, NULL),
(2010, 112, 3, 16, 4, 4, NULL, NULL),
(2011, 112, 3, 16, 5, 5, NULL, NULL),
(2012, 112, 3, 16, 6, 3, NULL, NULL),
(2013, 112, 3, 16, 7, 4, NULL, NULL),
(2014, 112, 3, 16, 8, 2, NULL, NULL),
(2015, 112, 3, 16, 9, 5, NULL, NULL),
(2016, 112, 3, 16, 10, 1, NULL, NULL),
(2017, 112, 3, 16, 11, 2, NULL, NULL),
(2018, 112, 3, 16, 12, 4, NULL, NULL),
(2019, 112, 3, 16, 13, 2, NULL, NULL),
(2020, 112, 3, 16, 14, 5, NULL, NULL),
(2021, 112, 3, 16, 15, 2, NULL, NULL),
(2022, 112, 3, 16, 16, 3, NULL, NULL),
(2023, 112, 3, 16, 17, 0, NULL, NULL),
(2024, 112, 3, 16, 18, 1, NULL, NULL),
(2025, 112, 3, 16, 19, 2, NULL, NULL),
(2026, 112, 3, 16, 20, 5, NULL, NULL),
(2027, 112, 3, 16, 21, 0, NULL, NULL),
(2028, 112, 3, 16, 22, 1, NULL, NULL),
(2029, 112, 3, 16, 23, 4, NULL, NULL),
(2030, 112, 3, 16, 24, 4, NULL, NULL),
(2031, 112, 3, 16, 25, 2, NULL, NULL),
(2032, 112, 3, 16, 26, 2, NULL, NULL),
(2033, 112, 3, 16, 27, 3, NULL, NULL),
(2034, 112, 3, 16, 28, 3, NULL, NULL),
(2035, 112, 3, 16, 29, 5, NULL, NULL),
(2036, 112, 3, 16, 30, 3, NULL, NULL),
(2037, 112, 3, 16, 31, 3, NULL, NULL),
(2038, 112, 3, 16, 32, 2, NULL, NULL),
(2039, 112, 3, 16, 33, 3, NULL, NULL),
(2040, 112, 3, 16, 34, 0, NULL, NULL),
(2041, 112, 17, 16, 1, 0, NULL, NULL),
(2042, 112, 17, 16, 2, 4, NULL, NULL),
(2043, 112, 17, 16, 3, 1, NULL, NULL),
(2044, 112, 17, 16, 4, 3, NULL, NULL),
(2045, 112, 17, 16, 5, 3, NULL, NULL),
(2046, 112, 17, 16, 6, 4, NULL, NULL),
(2047, 112, 17, 16, 7, 3, NULL, NULL),
(2048, 112, 17, 16, 8, 5, NULL, NULL),
(2049, 112, 17, 16, 9, 3, NULL, NULL),
(2050, 112, 17, 16, 10, 3, NULL, NULL),
(2051, 112, 17, 16, 11, 2, NULL, NULL),
(2052, 112, 17, 16, 12, 3, NULL, NULL),
(2053, 112, 17, 16, 13, 1, NULL, NULL),
(2054, 112, 17, 16, 14, 1, NULL, NULL),
(2055, 112, 17, 16, 15, 1, NULL, NULL),
(2056, 112, 17, 16, 16, 5, NULL, NULL),
(2057, 112, 17, 16, 17, 4, NULL, NULL),
(2058, 112, 17, 16, 18, 4, NULL, NULL),
(2059, 112, 17, 16, 19, 0, NULL, NULL),
(2060, 112, 17, 16, 20, 2, NULL, NULL),
(2061, 112, 17, 16, 21, 1, NULL, NULL),
(2062, 112, 17, 16, 22, 4, NULL, NULL),
(2063, 112, 17, 16, 23, 3, NULL, NULL),
(2064, 112, 17, 16, 24, 3, NULL, NULL),
(2065, 112, 17, 16, 25, 2, NULL, NULL),
(2066, 112, 17, 16, 26, 5, NULL, NULL),
(2067, 112, 17, 16, 27, 3, NULL, NULL),
(2068, 112, 17, 16, 28, 2, NULL, NULL),
(2069, 112, 17, 16, 29, 2, NULL, NULL),
(2070, 112, 17, 16, 30, 3, NULL, NULL),
(2071, 112, 17, 16, 31, 5, NULL, NULL),
(2072, 112, 17, 16, 32, 5, NULL, NULL),
(2073, 112, 17, 16, 33, 4, NULL, NULL),
(2074, 112, 17, 16, 34, 2, NULL, NULL),
(2075, 112, 3, 17, 1, 3, NULL, NULL),
(2076, 112, 3, 17, 2, 3, NULL, NULL),
(2077, 112, 3, 17, 3, 2, NULL, NULL),
(2078, 112, 3, 17, 4, 3, NULL, NULL),
(2079, 112, 3, 17, 5, 3, NULL, NULL),
(2080, 112, 3, 17, 6, 4, NULL, NULL),
(2081, 112, 3, 17, 7, 4, NULL, NULL),
(2082, 112, 3, 17, 8, 5, NULL, NULL),
(2083, 112, 3, 17, 9, 4, NULL, NULL),
(2084, 112, 3, 17, 10, 3, NULL, NULL),
(2085, 112, 3, 17, 11, 2, NULL, NULL),
(2086, 112, 3, 17, 12, 5, NULL, NULL),
(2087, 112, 3, 17, 13, 4, NULL, NULL),
(2088, 112, 3, 17, 14, 2, NULL, NULL),
(2089, 112, 3, 17, 15, 4, NULL, NULL),
(2090, 112, 3, 17, 16, 4, NULL, NULL),
(2091, 112, 3, 17, 17, 3, NULL, NULL),
(2092, 112, 3, 17, 18, 2, NULL, NULL),
(2093, 112, 3, 17, 19, 2, NULL, NULL),
(2094, 112, 3, 17, 20, 1, NULL, NULL),
(2095, 112, 3, 17, 21, 1, NULL, NULL),
(2096, 112, 3, 17, 22, 1, NULL, NULL),
(2097, 112, 3, 17, 23, 2, NULL, NULL),
(2098, 112, 3, 17, 24, 3, NULL, NULL),
(2099, 112, 3, 17, 25, 4, NULL, NULL),
(2100, 112, 3, 17, 26, 3, NULL, NULL),
(2101, 112, 3, 17, 27, 1, NULL, NULL),
(2102, 112, 3, 17, 28, 1, NULL, NULL),
(2103, 112, 3, 17, 29, 5, NULL, NULL),
(2104, 112, 3, 17, 30, 2, NULL, NULL),
(2105, 112, 3, 17, 31, 5, NULL, NULL),
(2106, 112, 3, 17, 32, 3, NULL, NULL),
(2107, 112, 3, 17, 33, 3, NULL, NULL),
(2108, 112, 3, 17, 34, 4, NULL, NULL),
(2109, 112, 16, 17, 1, 2, NULL, NULL),
(2110, 112, 16, 17, 2, 3, NULL, NULL),
(2111, 112, 16, 17, 3, 1, NULL, NULL),
(2112, 112, 16, 17, 4, 2, NULL, NULL),
(2113, 112, 16, 17, 5, 4, NULL, NULL),
(2114, 112, 16, 17, 6, 3, NULL, NULL),
(2115, 112, 16, 17, 7, 2, NULL, NULL),
(2116, 112, 16, 17, 8, 3, NULL, NULL),
(2117, 112, 16, 17, 9, 3, NULL, NULL),
(2118, 112, 16, 17, 10, 4, NULL, NULL),
(2119, 112, 16, 17, 11, 3, NULL, NULL),
(2120, 112, 16, 17, 12, 3, NULL, NULL),
(2121, 112, 16, 17, 13, 5, NULL, NULL),
(2122, 112, 16, 17, 14, 5, NULL, NULL),
(2123, 112, 16, 17, 15, 1, NULL, NULL),
(2124, 112, 16, 17, 16, 5, NULL, NULL),
(2125, 112, 16, 17, 17, 2, NULL, NULL),
(2126, 112, 16, 17, 18, 3, NULL, NULL),
(2127, 112, 16, 17, 19, 3, NULL, NULL),
(2128, 112, 16, 17, 20, 2, NULL, NULL),
(2129, 112, 16, 17, 21, 5, NULL, NULL),
(2130, 112, 16, 17, 22, 1, NULL, NULL),
(2131, 112, 16, 17, 23, 4, NULL, NULL),
(2132, 112, 16, 17, 24, 4, NULL, NULL),
(2133, 112, 16, 17, 25, 4, NULL, NULL),
(2134, 112, 16, 17, 26, 0, NULL, NULL),
(2135, 112, 16, 17, 27, 5, NULL, NULL),
(2136, 112, 16, 17, 28, 4, NULL, NULL),
(2137, 112, 16, 17, 29, 1, NULL, NULL),
(2138, 112, 16, 17, 30, 4, NULL, NULL),
(2139, 112, 16, 17, 31, 2, NULL, NULL),
(2140, 112, 16, 17, 32, 5, NULL, NULL),
(2141, 112, 16, 17, 33, 3, NULL, NULL),
(2142, 112, 16, 17, 34, 2, NULL, NULL),
(2143, 117, 2, 3, 1, 5, NULL, NULL),
(2144, 117, 2, 3, 2, 4, NULL, NULL),
(2145, 117, 2, 3, 3, 4, NULL, NULL),
(2146, 117, 2, 3, 4, 4, NULL, NULL),
(2147, 117, 2, 3, 5, 4, NULL, NULL),
(2148, 117, 2, 3, 6, 4, NULL, NULL),
(2149, 117, 2, 3, 7, 4, NULL, NULL),
(2150, 117, 2, 3, 8, 4, NULL, NULL),
(2151, 117, 2, 3, 9, 5, NULL, NULL),
(2152, 117, 2, 3, 10, 5, NULL, NULL),
(2153, 117, 2, 3, 11, 4, NULL, NULL),
(2154, 117, 2, 3, 12, 5, NULL, NULL),
(2155, 117, 2, 3, 13, 4, NULL, NULL),
(2156, 117, 2, 3, 14, 5, NULL, NULL),
(2157, 117, 2, 3, 15, 5, NULL, NULL),
(2158, 117, 2, 3, 16, 5, NULL, NULL),
(2159, 117, 2, 3, 17, 4, NULL, NULL),
(2160, 117, 2, 3, 18, 5, NULL, NULL),
(2161, 117, 2, 3, 19, 5, NULL, NULL),
(2162, 117, 2, 3, 20, 4, NULL, NULL),
(2163, 117, 2, 3, 21, 5, NULL, NULL),
(2164, 117, 2, 3, 22, 4, NULL, NULL),
(2165, 117, 2, 3, 23, 4, NULL, NULL),
(2166, 117, 2, 3, 24, 4, NULL, NULL),
(2167, 117, 2, 3, 25, 4, NULL, NULL),
(2168, 117, 2, 3, 26, 5, NULL, NULL),
(2169, 117, 2, 3, 27, 4, NULL, NULL),
(2170, 117, 2, 3, 28, 4, NULL, NULL),
(2171, 117, 2, 3, 29, 4, NULL, NULL),
(2172, 117, 2, 3, 30, 5, NULL, NULL),
(2173, 117, 2, 3, 31, 4, NULL, NULL),
(2174, 117, 2, 3, 32, 4, NULL, NULL),
(2175, 117, 2, 3, 33, 4, NULL, NULL),
(2176, 117, 2, 3, 34, 5, NULL, NULL),
(2177, 117, 3, 15, 1, 5, NULL, NULL),
(2178, 117, 3, 15, 2, 5, NULL, NULL),
(2179, 117, 3, 15, 3, 5, NULL, NULL),
(2180, 117, 3, 15, 4, 4, NULL, NULL),
(2181, 117, 3, 15, 5, 4, NULL, NULL),
(2182, 117, 3, 15, 6, 5, NULL, NULL),
(2183, 117, 3, 15, 7, 5, NULL, NULL),
(2184, 117, 3, 15, 8, 4, NULL, NULL),
(2185, 117, 3, 15, 9, 5, NULL, NULL),
(2186, 117, 3, 15, 10, 4, NULL, NULL),
(2187, 117, 3, 15, 11, 4, NULL, NULL),
(2188, 117, 3, 15, 12, 4, NULL, NULL),
(2189, 117, 3, 15, 13, 4, NULL, NULL),
(2190, 117, 3, 15, 14, 4, NULL, NULL),
(2191, 117, 3, 15, 15, 4, NULL, NULL),
(2192, 117, 3, 15, 16, 5, NULL, NULL),
(2193, 117, 3, 15, 17, 5, NULL, NULL),
(2194, 117, 3, 15, 18, 5, NULL, NULL),
(2195, 117, 3, 15, 19, 4, NULL, NULL),
(2196, 117, 3, 15, 20, 5, NULL, NULL),
(2197, 117, 3, 15, 21, 4, NULL, NULL),
(2198, 117, 3, 15, 22, 4, NULL, NULL),
(2199, 117, 3, 15, 23, 4, NULL, NULL),
(2200, 117, 3, 15, 24, 5, NULL, NULL),
(2201, 117, 3, 15, 25, 5, NULL, NULL),
(2202, 117, 3, 15, 26, 4, NULL, NULL),
(2203, 117, 3, 15, 27, 5, NULL, NULL),
(2204, 117, 3, 15, 28, 5, NULL, NULL),
(2205, 117, 3, 15, 29, 4, NULL, NULL),
(2206, 117, 3, 15, 30, 5, NULL, NULL),
(2207, 117, 3, 15, 31, 4, NULL, NULL),
(2208, 117, 3, 15, 32, 4, NULL, NULL),
(2209, 117, 3, 15, 33, 5, NULL, NULL),
(2210, 117, 3, 15, 34, 4, NULL, NULL),
(2211, 117, 2, 15, 1, 5, NULL, NULL),
(2212, 117, 2, 15, 2, 5, NULL, NULL),
(2213, 117, 2, 15, 3, 4, NULL, NULL),
(2214, 117, 2, 15, 4, 4, NULL, NULL),
(2215, 117, 2, 15, 5, 4, NULL, NULL),
(2216, 117, 2, 15, 6, 4, NULL, NULL),
(2217, 117, 2, 15, 7, 5, NULL, NULL),
(2218, 117, 2, 15, 8, 5, NULL, NULL),
(2219, 117, 2, 15, 9, 5, NULL, NULL),
(2220, 117, 2, 15, 10, 5, NULL, NULL),
(2221, 117, 2, 15, 11, 5, NULL, NULL),
(2222, 117, 2, 15, 12, 4, NULL, NULL),
(2223, 117, 2, 15, 13, 5, NULL, NULL),
(2224, 117, 2, 15, 14, 5, NULL, NULL),
(2225, 117, 2, 15, 15, 4, NULL, NULL),
(2226, 117, 2, 15, 16, 4, NULL, NULL),
(2227, 117, 2, 15, 17, 4, NULL, NULL),
(2228, 117, 2, 15, 18, 5, NULL, NULL),
(2229, 117, 2, 15, 19, 4, NULL, NULL),
(2230, 117, 2, 15, 20, 5, NULL, NULL),
(2231, 117, 2, 15, 21, 5, NULL, NULL),
(2232, 117, 2, 15, 22, 5, NULL, NULL),
(2233, 117, 2, 15, 23, 5, NULL, NULL),
(2234, 117, 2, 15, 24, 5, NULL, NULL),
(2235, 117, 2, 15, 25, 4, NULL, NULL),
(2236, 117, 2, 15, 26, 4, NULL, NULL),
(2237, 117, 2, 15, 27, 4, NULL, NULL),
(2238, 117, 2, 15, 28, 5, NULL, NULL),
(2239, 117, 2, 15, 29, 4, NULL, NULL),
(2240, 117, 2, 15, 30, 5, NULL, NULL),
(2241, 117, 2, 15, 31, 4, NULL, NULL),
(2242, 117, 2, 15, 32, 4, NULL, NULL),
(2243, 117, 2, 15, 33, 4, NULL, NULL),
(2244, 117, 2, 15, 34, 4, NULL, NULL),
(2245, 117, 3, 16, 1, 5, NULL, NULL),
(2246, 117, 3, 16, 2, 4, NULL, NULL),
(2247, 117, 3, 16, 3, 4, NULL, NULL),
(2248, 117, 3, 16, 4, 5, NULL, NULL),
(2249, 117, 3, 16, 5, 4, NULL, NULL),
(2250, 117, 3, 16, 6, 4, NULL, NULL),
(2251, 117, 3, 16, 7, 4, NULL, NULL),
(2252, 117, 3, 16, 8, 5, NULL, NULL),
(2253, 117, 3, 16, 9, 5, NULL, NULL),
(2254, 117, 3, 16, 10, 4, NULL, NULL),
(2255, 117, 3, 16, 11, 5, NULL, NULL),
(2256, 117, 3, 16, 12, 4, NULL, NULL),
(2257, 117, 3, 16, 13, 4, NULL, NULL),
(2258, 117, 3, 16, 14, 4, NULL, NULL),
(2259, 117, 3, 16, 15, 5, NULL, NULL),
(2260, 117, 3, 16, 16, 4, NULL, NULL),
(2261, 117, 3, 16, 17, 4, NULL, NULL),
(2262, 117, 3, 16, 18, 4, NULL, NULL),
(2263, 117, 3, 16, 19, 5, NULL, NULL),
(2264, 117, 3, 16, 20, 4, NULL, NULL),
(2265, 117, 3, 16, 21, 5, NULL, NULL),
(2266, 117, 3, 16, 22, 5, NULL, NULL),
(2267, 117, 3, 16, 23, 5, NULL, NULL),
(2268, 117, 3, 16, 24, 5, NULL, NULL),
(2269, 117, 3, 16, 25, 5, NULL, NULL),
(2270, 117, 3, 16, 26, 4, NULL, NULL),
(2271, 117, 3, 16, 27, 4, NULL, NULL),
(2272, 117, 3, 16, 28, 5, NULL, NULL),
(2273, 117, 3, 16, 29, 5, NULL, NULL),
(2274, 117, 3, 16, 30, 4, NULL, NULL),
(2275, 117, 3, 16, 31, 4, NULL, NULL),
(2276, 117, 3, 16, 32, 4, NULL, NULL),
(2277, 117, 3, 16, 33, 4, NULL, NULL),
(2278, 117, 3, 16, 34, 4, NULL, NULL),
(2279, 117, 15, 16, 1, 4, NULL, NULL),
(2280, 117, 15, 16, 2, 4, NULL, NULL),
(2281, 117, 15, 16, 3, 5, NULL, NULL),
(2282, 117, 15, 16, 4, 4, NULL, NULL),
(2283, 117, 15, 16, 5, 4, NULL, NULL),
(2284, 117, 15, 16, 6, 4, NULL, NULL),
(2285, 117, 15, 16, 7, 5, NULL, NULL),
(2286, 117, 15, 16, 8, 4, NULL, NULL),
(2287, 117, 15, 16, 9, 4, NULL, NULL),
(2288, 117, 15, 16, 10, 4, NULL, NULL),
(2289, 117, 15, 16, 11, 5, NULL, NULL),
(2290, 117, 15, 16, 12, 5, NULL, NULL),
(2291, 117, 15, 16, 13, 4, NULL, NULL),
(2292, 117, 15, 16, 14, 5, NULL, NULL),
(2293, 117, 15, 16, 15, 4, NULL, NULL),
(2294, 117, 15, 16, 16, 5, NULL, NULL),
(2295, 117, 15, 16, 17, 5, NULL, NULL),
(2296, 117, 15, 16, 18, 4, NULL, NULL),
(2297, 117, 15, 16, 19, 4, NULL, NULL),
(2298, 117, 15, 16, 20, 4, NULL, NULL),
(2299, 117, 15, 16, 21, 4, NULL, NULL),
(2300, 117, 15, 16, 22, 4, NULL, NULL),
(2301, 117, 15, 16, 23, 5, NULL, NULL),
(2302, 117, 15, 16, 24, 4, NULL, NULL),
(2303, 117, 15, 16, 25, 5, NULL, NULL),
(2304, 117, 15, 16, 26, 5, NULL, NULL),
(2305, 117, 15, 16, 27, 5, NULL, NULL),
(2306, 117, 15, 16, 28, 4, NULL, NULL),
(2307, 117, 15, 16, 29, 4, NULL, NULL),
(2308, 117, 15, 16, 30, 5, NULL, NULL),
(2309, 117, 15, 16, 31, 5, NULL, NULL),
(2310, 117, 15, 16, 32, 4, NULL, NULL),
(2311, 117, 15, 16, 33, 4, NULL, NULL),
(2312, 117, 15, 16, 34, 4, NULL, NULL),
(2313, 117, 2, 16, 1, 5, NULL, NULL),
(2314, 117, 2, 16, 2, 5, NULL, NULL),
(2315, 117, 2, 16, 3, 4, NULL, NULL),
(2316, 117, 2, 16, 4, 5, NULL, NULL),
(2317, 117, 2, 16, 5, 5, NULL, NULL),
(2318, 117, 2, 16, 6, 5, NULL, NULL),
(2319, 117, 2, 16, 7, 5, NULL, NULL),
(2320, 117, 2, 16, 8, 4, NULL, NULL),
(2321, 117, 2, 16, 9, 4, NULL, NULL),
(2322, 117, 2, 16, 10, 5, NULL, NULL),
(2323, 117, 2, 16, 11, 4, NULL, NULL),
(2324, 117, 2, 16, 12, 4, NULL, NULL),
(2325, 117, 2, 16, 13, 5, NULL, NULL),
(2326, 117, 2, 16, 14, 5, NULL, NULL),
(2327, 117, 2, 16, 15, 5, NULL, NULL),
(2328, 117, 2, 16, 16, 5, NULL, NULL),
(2329, 117, 2, 16, 17, 4, NULL, NULL),
(2330, 117, 2, 16, 18, 5, NULL, NULL),
(2331, 117, 2, 16, 19, 5, NULL, NULL),
(2332, 117, 2, 16, 20, 5, NULL, NULL),
(2333, 117, 2, 16, 21, 4, NULL, NULL),
(2334, 117, 2, 16, 22, 5, NULL, NULL),
(2335, 117, 2, 16, 23, 5, NULL, NULL),
(2336, 117, 2, 16, 24, 5, NULL, NULL),
(2337, 117, 2, 16, 25, 4, NULL, NULL),
(2338, 117, 2, 16, 26, 5, NULL, NULL),
(2339, 117, 2, 16, 27, 5, NULL, NULL),
(2340, 117, 2, 16, 28, 4, NULL, NULL),
(2341, 117, 2, 16, 29, 4, NULL, NULL),
(2342, 117, 2, 16, 30, 4, NULL, NULL),
(2343, 117, 2, 16, 31, 5, NULL, NULL),
(2344, 117, 2, 16, 32, 4, NULL, NULL),
(2345, 117, 2, 16, 33, 4, NULL, NULL),
(2346, 117, 2, 16, 34, 5, NULL, NULL),
(2347, 117, 3, 17, 1, 4, NULL, NULL),
(2348, 117, 3, 17, 2, 5, NULL, NULL),
(2349, 117, 3, 17, 3, 4, NULL, NULL),
(2350, 117, 3, 17, 4, 5, NULL, NULL),
(2351, 117, 3, 17, 5, 5, NULL, NULL),
(2352, 117, 3, 17, 6, 5, NULL, NULL),
(2353, 117, 3, 17, 7, 4, NULL, NULL),
(2354, 117, 3, 17, 8, 5, NULL, NULL),
(2355, 117, 3, 17, 9, 4, NULL, NULL),
(2356, 117, 3, 17, 10, 5, NULL, NULL),
(2357, 117, 3, 17, 11, 4, NULL, NULL),
(2358, 117, 3, 17, 12, 5, NULL, NULL),
(2359, 117, 3, 17, 13, 4, NULL, NULL),
(2360, 117, 3, 17, 14, 4, NULL, NULL),
(2361, 117, 3, 17, 15, 5, NULL, NULL),
(2362, 117, 3, 17, 16, 5, NULL, NULL),
(2363, 117, 3, 17, 17, 5, NULL, NULL),
(2364, 117, 3, 17, 18, 4, NULL, NULL),
(2365, 117, 3, 17, 19, 5, NULL, NULL),
(2366, 117, 3, 17, 20, 4, NULL, NULL),
(2367, 117, 3, 17, 21, 5, NULL, NULL),
(2368, 117, 3, 17, 22, 4, NULL, NULL),
(2369, 117, 3, 17, 23, 4, NULL, NULL),
(2370, 117, 3, 17, 24, 4, NULL, NULL),
(2371, 117, 3, 17, 25, 4, NULL, NULL),
(2372, 117, 3, 17, 26, 5, NULL, NULL),
(2373, 117, 3, 17, 27, 4, NULL, NULL),
(2374, 117, 3, 17, 28, 4, NULL, NULL),
(2375, 117, 3, 17, 29, 4, NULL, NULL),
(2376, 117, 3, 17, 30, 4, NULL, NULL),
(2377, 117, 3, 17, 31, 4, NULL, NULL),
(2378, 117, 3, 17, 32, 5, NULL, NULL),
(2379, 117, 3, 17, 33, 4, NULL, NULL),
(2380, 117, 3, 17, 34, 5, NULL, NULL),
(2381, 117, 15, 17, 1, 5, NULL, NULL),
(2382, 117, 15, 17, 2, 5, NULL, NULL),
(2383, 117, 15, 17, 3, 4, NULL, NULL),
(2384, 117, 15, 17, 4, 5, NULL, NULL),
(2385, 117, 15, 17, 5, 5, NULL, NULL),
(2386, 117, 15, 17, 6, 4, NULL, NULL),
(2387, 117, 15, 17, 7, 5, NULL, NULL),
(2388, 117, 15, 17, 8, 5, NULL, NULL),
(2389, 117, 15, 17, 9, 4, NULL, NULL),
(2390, 117, 15, 17, 10, 5, NULL, NULL),
(2391, 117, 15, 17, 11, 4, NULL, NULL),
(2392, 117, 15, 17, 12, 5, NULL, NULL),
(2393, 117, 15, 17, 13, 4, NULL, NULL),
(2394, 117, 15, 17, 14, 5, NULL, NULL),
(2395, 117, 15, 17, 15, 4, NULL, NULL),
(2396, 117, 15, 17, 16, 5, NULL, NULL),
(2397, 117, 15, 17, 17, 5, NULL, NULL),
(2398, 117, 15, 17, 18, 5, NULL, NULL),
(2399, 117, 15, 17, 19, 4, NULL, NULL),
(2400, 117, 15, 17, 20, 4, NULL, NULL),
(2401, 117, 15, 17, 21, 5, NULL, NULL),
(2402, 117, 15, 17, 22, 4, NULL, NULL),
(2403, 117, 15, 17, 23, 4, NULL, NULL),
(2404, 117, 15, 17, 24, 4, NULL, NULL),
(2405, 117, 15, 17, 25, 4, NULL, NULL),
(2406, 117, 15, 17, 26, 5, NULL, NULL),
(2407, 117, 15, 17, 27, 5, NULL, NULL),
(2408, 117, 15, 17, 28, 4, NULL, NULL),
(2409, 117, 15, 17, 29, 5, NULL, NULL),
(2410, 117, 15, 17, 30, 4, NULL, NULL),
(2411, 117, 15, 17, 31, 4, NULL, NULL),
(2412, 117, 15, 17, 32, 5, NULL, NULL),
(2413, 117, 15, 17, 33, 5, NULL, NULL),
(2414, 117, 15, 17, 34, 4, NULL, NULL),
(2415, 117, 16, 17, 1, 4, NULL, NULL),
(2416, 117, 16, 17, 2, 4, NULL, NULL),
(2417, 117, 16, 17, 3, 5, NULL, NULL),
(2418, 117, 16, 17, 4, 4, NULL, NULL),
(2419, 117, 16, 17, 5, 4, NULL, NULL),
(2420, 117, 16, 17, 6, 4, NULL, NULL),
(2421, 117, 16, 17, 7, 4, NULL, NULL),
(2422, 117, 16, 17, 8, 5, NULL, NULL),
(2423, 117, 16, 17, 9, 4, NULL, NULL),
(2424, 117, 16, 17, 10, 5, NULL, NULL),
(2425, 117, 16, 17, 11, 5, NULL, NULL),
(2426, 117, 16, 17, 12, 5, NULL, NULL),
(2427, 117, 16, 17, 13, 5, NULL, NULL),
(2428, 117, 16, 17, 14, 4, NULL, NULL),
(2429, 117, 16, 17, 15, 5, NULL, NULL),
(2430, 117, 16, 17, 16, 4, NULL, NULL),
(2431, 117, 16, 17, 17, 5, NULL, NULL),
(2432, 117, 16, 17, 18, 5, NULL, NULL),
(2433, 117, 16, 17, 19, 4, NULL, NULL),
(2434, 117, 16, 17, 20, 5, NULL, NULL),
(2435, 117, 16, 17, 21, 5, NULL, NULL),
(2436, 117, 16, 17, 22, 4, NULL, NULL),
(2437, 117, 16, 17, 23, 5, NULL, NULL),
(2438, 117, 16, 17, 24, 4, NULL, NULL),
(2439, 117, 16, 17, 25, 5, NULL, NULL),
(2440, 117, 16, 17, 26, 5, NULL, NULL),
(2441, 117, 16, 17, 27, 4, NULL, NULL),
(2442, 117, 16, 17, 28, 4, NULL, NULL),
(2443, 117, 16, 17, 29, 4, NULL, NULL),
(2444, 117, 16, 17, 30, 5, NULL, NULL),
(2445, 117, 16, 17, 31, 4, NULL, NULL),
(2446, 117, 16, 17, 32, 5, NULL, NULL),
(2447, 117, 16, 17, 33, 5, NULL, NULL),
(2448, 117, 16, 17, 34, 4, NULL, NULL),
(2449, 117, 2, 17, 1, 4, NULL, NULL),
(2450, 117, 2, 17, 2, 4, NULL, NULL),
(2451, 117, 2, 17, 3, 5, NULL, NULL),
(2452, 117, 2, 17, 4, 4, NULL, NULL),
(2453, 117, 2, 17, 5, 5, NULL, NULL),
(2454, 117, 2, 17, 6, 4, NULL, NULL),
(2455, 117, 2, 17, 7, 5, NULL, NULL),
(2456, 117, 2, 17, 8, 5, NULL, NULL),
(2457, 117, 2, 17, 9, 4, NULL, NULL),
(2458, 117, 2, 17, 10, 5, NULL, NULL),
(2459, 117, 2, 17, 11, 4, NULL, NULL),
(2460, 117, 2, 17, 12, 4, NULL, NULL),
(2461, 117, 2, 17, 13, 4, NULL, NULL),
(2462, 117, 2, 17, 14, 4, NULL, NULL),
(2463, 117, 2, 17, 15, 5, NULL, NULL),
(2464, 117, 2, 17, 16, 5, NULL, NULL),
(2465, 117, 2, 17, 17, 4, NULL, NULL),
(2466, 117, 2, 17, 18, 4, NULL, NULL),
(2467, 117, 2, 17, 19, 5, NULL, NULL),
(2468, 117, 2, 17, 20, 4, NULL, NULL),
(2469, 117, 2, 17, 21, 4, NULL, NULL),
(2470, 117, 2, 17, 22, 4, NULL, NULL),
(2471, 117, 2, 17, 23, 4, NULL, NULL),
(2472, 117, 2, 17, 24, 4, NULL, NULL),
(2473, 117, 2, 17, 25, 5, NULL, NULL),
(2474, 117, 2, 17, 26, 4, NULL, NULL),
(2475, 117, 2, 17, 27, 4, NULL, NULL),
(2476, 117, 2, 17, 28, 5, NULL, NULL),
(2477, 117, 2, 17, 29, 5, NULL, NULL),
(2478, 117, 2, 17, 30, 4, NULL, NULL),
(2479, 117, 2, 17, 31, 5, NULL, NULL),
(2480, 117, 2, 17, 32, 5, NULL, NULL),
(2481, 117, 2, 17, 33, 4, NULL, NULL),
(2482, 117, 2, 17, 34, 4, NULL, NULL),
(2483, 117, 15, 3, 1, 5, NULL, NULL),
(2484, 117, 15, 3, 2, 4, NULL, NULL),
(2485, 117, 15, 3, 3, 4, NULL, NULL),
(2486, 117, 15, 3, 4, 4, NULL, NULL),
(2487, 117, 15, 3, 5, 5, NULL, NULL),
(2488, 117, 15, 3, 6, 4, NULL, NULL),
(2489, 117, 15, 3, 7, 4, NULL, NULL),
(2490, 117, 15, 3, 8, 4, NULL, NULL),
(2491, 117, 15, 3, 9, 4, NULL, NULL),
(2492, 117, 15, 3, 10, 5, NULL, NULL),
(2493, 117, 15, 3, 11, 4, NULL, NULL),
(2494, 117, 15, 3, 12, 5, NULL, NULL),
(2495, 117, 15, 3, 13, 5, NULL, NULL),
(2496, 117, 15, 3, 14, 4, NULL, NULL),
(2497, 117, 15, 3, 15, 4, NULL, NULL),
(2498, 117, 15, 3, 16, 4, NULL, NULL),
(2499, 117, 15, 3, 17, 5, NULL, NULL),
(2500, 117, 15, 3, 18, 5, NULL, NULL),
(2501, 117, 15, 3, 19, 5, NULL, NULL),
(2502, 117, 15, 3, 20, 5, NULL, NULL),
(2503, 117, 15, 3, 21, 5, NULL, NULL),
(2504, 117, 15, 3, 22, 5, NULL, NULL),
(2505, 117, 15, 3, 23, 5, NULL, NULL),
(2506, 117, 15, 3, 24, 4, NULL, NULL),
(2507, 117, 15, 3, 25, 5, NULL, NULL),
(2508, 117, 15, 3, 26, 4, NULL, NULL),
(2509, 117, 15, 3, 27, 4, NULL, NULL),
(2510, 117, 15, 3, 28, 5, NULL, NULL),
(2511, 117, 15, 3, 29, 5, NULL, NULL),
(2512, 117, 15, 3, 30, 4, NULL, NULL),
(2513, 117, 15, 3, 31, 5, NULL, NULL),
(2514, 117, 15, 3, 32, 4, NULL, NULL),
(2515, 117, 15, 3, 33, 4, NULL, NULL),
(2516, 117, 15, 3, 34, 5, NULL, NULL),
(2517, 117, 16, 3, 1, 4, NULL, NULL),
(2518, 117, 16, 3, 2, 5, NULL, NULL),
(2519, 117, 16, 3, 3, 4, NULL, NULL),
(2520, 117, 16, 3, 4, 5, NULL, NULL),
(2521, 117, 16, 3, 5, 5, NULL, NULL),
(2522, 117, 16, 3, 6, 5, NULL, NULL),
(2523, 117, 16, 3, 7, 5, NULL, NULL),
(2524, 117, 16, 3, 8, 4, NULL, NULL),
(2525, 117, 16, 3, 9, 4, NULL, NULL),
(2526, 117, 16, 3, 10, 4, NULL, NULL),
(2527, 117, 16, 3, 11, 4, NULL, NULL),
(2528, 117, 16, 3, 12, 5, NULL, NULL),
(2529, 117, 16, 3, 13, 5, NULL, NULL),
(2530, 117, 16, 3, 14, 4, NULL, NULL),
(2531, 117, 16, 3, 15, 4, NULL, NULL),
(2532, 117, 16, 3, 16, 4, NULL, NULL),
(2533, 117, 16, 3, 17, 4, NULL, NULL),
(2534, 117, 16, 3, 18, 5, NULL, NULL),
(2535, 117, 16, 3, 19, 5, NULL, NULL),
(2536, 117, 16, 3, 20, 5, NULL, NULL),
(2537, 117, 16, 3, 21, 4, NULL, NULL),
(2538, 117, 16, 3, 22, 5, NULL, NULL),
(2539, 117, 16, 3, 23, 5, NULL, NULL),
(2540, 117, 16, 3, 24, 5, NULL, NULL),
(2541, 117, 16, 3, 25, 5, NULL, NULL),
(2542, 117, 16, 3, 26, 4, NULL, NULL),
(2543, 117, 16, 3, 27, 4, NULL, NULL),
(2544, 117, 16, 3, 28, 5, NULL, NULL),
(2545, 117, 16, 3, 29, 4, NULL, NULL),
(2546, 117, 16, 3, 30, 4, NULL, NULL),
(2547, 117, 16, 3, 31, 5, NULL, NULL),
(2548, 117, 16, 3, 32, 4, NULL, NULL),
(2549, 117, 16, 3, 33, 5, NULL, NULL),
(2550, 117, 16, 3, 34, 5, NULL, NULL),
(2551, 117, 17, 3, 1, 5, NULL, NULL),
(2552, 117, 17, 3, 2, 5, NULL, NULL),
(2553, 117, 17, 3, 3, 4, NULL, NULL),
(2554, 117, 17, 3, 4, 5, NULL, NULL),
(2555, 117, 17, 3, 5, 5, NULL, NULL),
(2556, 117, 17, 3, 6, 5, NULL, NULL),
(2557, 117, 17, 3, 7, 5, NULL, NULL),
(2558, 117, 17, 3, 8, 4, NULL, NULL),
(2559, 117, 17, 3, 9, 4, NULL, NULL),
(2560, 117, 17, 3, 10, 4, NULL, NULL),
(2561, 117, 17, 3, 11, 5, NULL, NULL),
(2562, 117, 17, 3, 12, 5, NULL, NULL),
(2563, 117, 17, 3, 13, 4, NULL, NULL),
(2564, 117, 17, 3, 14, 4, NULL, NULL),
(2565, 117, 17, 3, 15, 5, NULL, NULL),
(2566, 117, 17, 3, 16, 4, NULL, NULL),
(2567, 117, 17, 3, 17, 4, NULL, NULL),
(2568, 117, 17, 3, 18, 5, NULL, NULL),
(2569, 117, 17, 3, 19, 5, NULL, NULL),
(2570, 117, 17, 3, 20, 4, NULL, NULL),
(2571, 117, 17, 3, 21, 4, NULL, NULL),
(2572, 117, 17, 3, 22, 4, NULL, NULL),
(2573, 117, 17, 3, 23, 4, NULL, NULL),
(2574, 117, 17, 3, 24, 4, NULL, NULL),
(2575, 117, 17, 3, 25, 5, NULL, NULL),
(2576, 117, 17, 3, 26, 4, NULL, NULL),
(2577, 117, 17, 3, 27, 4, NULL, NULL),
(2578, 117, 17, 3, 28, 5, NULL, NULL),
(2579, 117, 17, 3, 29, 5, NULL, NULL),
(2580, 117, 17, 3, 30, 5, NULL, NULL),
(2581, 117, 17, 3, 31, 4, NULL, NULL),
(2582, 117, 17, 3, 32, 4, NULL, NULL),
(2583, 117, 17, 3, 33, 5, NULL, NULL),
(2584, 117, 17, 3, 34, 4, NULL, NULL),
(2585, 117, 17, 16, 1, 5, NULL, NULL),
(2586, 117, 17, 16, 2, 5, NULL, NULL),
(2587, 117, 17, 16, 3, 4, NULL, NULL),
(2588, 117, 17, 16, 4, 5, NULL, NULL),
(2589, 117, 17, 16, 5, 4, NULL, NULL),
(2590, 117, 17, 16, 6, 4, NULL, NULL),
(2591, 117, 17, 16, 7, 4, NULL, NULL),
(2592, 117, 17, 16, 8, 4, NULL, NULL),
(2593, 117, 17, 16, 9, 4, NULL, NULL),
(2594, 117, 17, 16, 10, 4, NULL, NULL),
(2595, 117, 17, 16, 11, 4, NULL, NULL),
(2596, 117, 17, 16, 12, 4, NULL, NULL),
(2597, 117, 17, 16, 13, 4, NULL, NULL),
(2598, 117, 17, 16, 14, 4, NULL, NULL),
(2599, 117, 17, 16, 15, 4, NULL, NULL),
(2600, 117, 17, 16, 16, 5, NULL, NULL),
(2601, 117, 17, 16, 17, 4, NULL, NULL),
(2602, 117, 17, 16, 18, 4, NULL, NULL),
(2603, 117, 17, 16, 19, 4, NULL, NULL),
(2604, 117, 17, 16, 20, 4, NULL, NULL),
(2605, 117, 17, 16, 21, 5, NULL, NULL),
(2606, 117, 17, 16, 22, 4, NULL, NULL),
(2607, 117, 17, 16, 23, 4, NULL, NULL),
(2608, 117, 17, 16, 24, 4, NULL, NULL),
(2609, 117, 17, 16, 25, 5, NULL, NULL),
(2610, 117, 17, 16, 26, 5, NULL, NULL),
(2611, 117, 17, 16, 27, 5, NULL, NULL),
(2612, 117, 17, 16, 28, 4, NULL, NULL),
(2613, 117, 17, 16, 29, 4, NULL, NULL),
(2614, 117, 17, 16, 30, 5, NULL, NULL),
(2615, 117, 17, 16, 31, 4, NULL, NULL),
(2616, 117, 17, 16, 32, 5, NULL, NULL),
(2617, 117, 17, 16, 33, 5, NULL, NULL),
(2618, 117, 17, 16, 34, 4, NULL, NULL),
(2619, 118, 3, 15, 1, 5, NULL, NULL),
(2620, 118, 3, 15, 2, 4, NULL, NULL),
(2621, 118, 3, 15, 3, 4, NULL, NULL),
(2622, 118, 3, 15, 4, 4, NULL, NULL),
(2623, 118, 3, 15, 5, 4, NULL, NULL),
(2624, 118, 3, 15, 6, 4, NULL, NULL),
(2625, 118, 3, 15, 7, 4, NULL, NULL),
(2626, 118, 3, 15, 8, 4, NULL, NULL),
(2627, 118, 3, 15, 9, 5, NULL, NULL),
(2628, 118, 3, 15, 10, 5, NULL, NULL),
(2629, 118, 3, 15, 11, 5, NULL, NULL),
(2630, 118, 3, 15, 12, 4, NULL, NULL),
(2631, 118, 3, 15, 13, 5, NULL, NULL),
(2632, 118, 3, 15, 14, 5, NULL, NULL),
(2633, 118, 3, 15, 15, 4, NULL, NULL),
(2634, 118, 3, 15, 16, 4, NULL, NULL),
(2635, 118, 3, 15, 17, 5, NULL, NULL),
(2636, 118, 3, 15, 18, 5, NULL, NULL),
(2637, 118, 3, 15, 19, 4, NULL, NULL),
(2638, 118, 3, 15, 20, 4, NULL, NULL),
(2639, 118, 3, 15, 21, 5, NULL, NULL),
(2640, 118, 3, 15, 22, 4, NULL, NULL),
(2641, 118, 3, 15, 23, 4, NULL, NULL),
(2642, 118, 3, 15, 24, 4, NULL, NULL),
(2643, 118, 3, 15, 25, 4, NULL, NULL),
(2644, 118, 3, 15, 26, 5, NULL, NULL),
(2645, 118, 3, 15, 27, 4, NULL, NULL),
(2646, 118, 3, 15, 28, 5, NULL, NULL),
(2647, 118, 3, 15, 29, 4, NULL, NULL),
(2648, 118, 3, 15, 30, 5, NULL, NULL),
(2649, 118, 3, 15, 31, 4, NULL, NULL),
(2650, 118, 3, 15, 32, 4, NULL, NULL),
(2651, 118, 3, 15, 33, 4, NULL, NULL),
(2652, 118, 3, 15, 34, 5, NULL, NULL),
(2653, 118, 3, 16, 1, 5, NULL, NULL),
(2654, 118, 3, 16, 2, 4, NULL, NULL),
(2655, 118, 3, 16, 3, 4, NULL, NULL),
(2656, 118, 3, 16, 4, 4, NULL, NULL),
(2657, 118, 3, 16, 5, 5, NULL, NULL),
(2658, 118, 3, 16, 6, 5, NULL, NULL),
(2659, 118, 3, 16, 7, 4, NULL, NULL),
(2660, 118, 3, 16, 8, 4, NULL, NULL),
(2661, 118, 3, 16, 9, 4, NULL, NULL),
(2662, 118, 3, 16, 10, 5, NULL, NULL),
(2663, 118, 3, 16, 11, 4, NULL, NULL),
(2664, 118, 3, 16, 12, 4, NULL, NULL),
(2665, 118, 3, 16, 13, 5, NULL, NULL),
(2666, 118, 3, 16, 14, 4, NULL, NULL),
(2667, 118, 3, 16, 15, 5, NULL, NULL),
(2668, 118, 3, 16, 16, 4, NULL, NULL),
(2669, 118, 3, 16, 17, 4, NULL, NULL),
(2670, 118, 3, 16, 18, 4, NULL, NULL),
(2671, 118, 3, 16, 19, 4, NULL, NULL),
(2672, 118, 3, 16, 20, 5, NULL, NULL),
(2673, 118, 3, 16, 21, 4, NULL, NULL),
(2674, 118, 3, 16, 22, 5, NULL, NULL),
(2675, 118, 3, 16, 23, 4, NULL, NULL),
(2676, 118, 3, 16, 24, 4, NULL, NULL),
(2677, 118, 3, 16, 25, 4, NULL, NULL),
(2678, 118, 3, 16, 26, 5, NULL, NULL),
(2679, 118, 3, 16, 27, 4, NULL, NULL),
(2680, 118, 3, 16, 28, 5, NULL, NULL),
(2681, 118, 3, 16, 29, 5, NULL, NULL),
(2682, 118, 3, 16, 30, 4, NULL, NULL),
(2683, 118, 3, 16, 31, 5, NULL, NULL),
(2684, 118, 3, 16, 32, 5, NULL, NULL),
(2685, 118, 3, 16, 33, 4, NULL, NULL),
(2686, 118, 3, 16, 34, 4, NULL, NULL),
(2687, 118, 15, 16, 1, 4, NULL, NULL),
(2688, 118, 15, 16, 2, 4, NULL, NULL),
(2689, 118, 15, 16, 3, 4, NULL, NULL),
(2690, 118, 15, 16, 4, 4, NULL, NULL),
(2691, 118, 15, 16, 5, 4, NULL, NULL),
(2692, 118, 15, 16, 6, 4, NULL, NULL),
(2693, 118, 15, 16, 7, 4, NULL, NULL),
(2694, 118, 15, 16, 8, 5, NULL, NULL),
(2695, 118, 15, 16, 9, 4, NULL, NULL),
(2696, 118, 15, 16, 10, 5, NULL, NULL),
(2697, 118, 15, 16, 11, 4, NULL, NULL),
(2698, 118, 15, 16, 12, 4, NULL, NULL),
(2699, 118, 15, 16, 13, 5, NULL, NULL),
(2700, 118, 15, 16, 14, 4, NULL, NULL),
(2701, 118, 15, 16, 15, 4, NULL, NULL),
(2702, 118, 15, 16, 16, 5, NULL, NULL),
(2703, 118, 15, 16, 17, 4, NULL, NULL),
(2704, 118, 15, 16, 18, 4, NULL, NULL),
(2705, 118, 15, 16, 19, 5, NULL, NULL),
(2706, 118, 15, 16, 20, 4, NULL, NULL),
(2707, 118, 15, 16, 21, 4, NULL, NULL),
(2708, 118, 15, 16, 22, 5, NULL, NULL),
(2709, 118, 15, 16, 23, 5, NULL, NULL),
(2710, 118, 15, 16, 24, 5, NULL, NULL),
(2711, 118, 15, 16, 25, 4, NULL, NULL),
(2712, 118, 15, 16, 26, 5, NULL, NULL),
(2713, 118, 15, 16, 27, 5, NULL, NULL),
(2714, 118, 15, 16, 28, 5, NULL, NULL),
(2715, 118, 15, 16, 29, 4, NULL, NULL),
(2716, 118, 15, 16, 30, 5, NULL, NULL),
(2717, 118, 15, 16, 31, 4, NULL, NULL),
(2718, 118, 15, 16, 32, 5, NULL, NULL),
(2719, 118, 15, 16, 33, 5, NULL, NULL),
(2720, 118, 15, 16, 34, 4, NULL, NULL),
(2721, 118, 3, 17, 1, 4, NULL, NULL),
(2722, 118, 3, 17, 2, 4, NULL, NULL),
(2723, 118, 3, 17, 3, 5, NULL, NULL),
(2724, 118, 3, 17, 4, 5, NULL, NULL),
(2725, 118, 3, 17, 5, 5, NULL, NULL),
(2726, 118, 3, 17, 6, 4, NULL, NULL),
(2727, 118, 3, 17, 7, 4, NULL, NULL),
(2728, 118, 3, 17, 8, 5, NULL, NULL),
(2729, 118, 3, 17, 9, 5, NULL, NULL),
(2730, 118, 3, 17, 10, 4, NULL, NULL),
(2731, 118, 3, 17, 11, 5, NULL, NULL),
(2732, 118, 3, 17, 12, 5, NULL, NULL),
(2733, 118, 3, 17, 13, 5, NULL, NULL),
(2734, 118, 3, 17, 14, 4, NULL, NULL),
(2735, 118, 3, 17, 15, 4, NULL, NULL),
(2736, 118, 3, 17, 16, 5, NULL, NULL),
(2737, 118, 3, 17, 17, 5, NULL, NULL),
(2738, 118, 3, 17, 18, 4, NULL, NULL),
(2739, 118, 3, 17, 19, 4, NULL, NULL),
(2740, 118, 3, 17, 20, 4, NULL, NULL),
(2741, 118, 3, 17, 21, 4, NULL, NULL),
(2742, 118, 3, 17, 22, 4, NULL, NULL),
(2743, 118, 3, 17, 23, 4, NULL, NULL),
(2744, 118, 3, 17, 24, 5, NULL, NULL),
(2745, 118, 3, 17, 25, 5, NULL, NULL),
(2746, 118, 3, 17, 26, 5, NULL, NULL),
(2747, 118, 3, 17, 27, 4, NULL, NULL),
(2748, 118, 3, 17, 28, 5, NULL, NULL),
(2749, 118, 3, 17, 29, 4, NULL, NULL),
(2750, 118, 3, 17, 30, 5, NULL, NULL),
(2751, 118, 3, 17, 31, 5, NULL, NULL),
(2752, 118, 3, 17, 32, 4, NULL, NULL),
(2753, 118, 3, 17, 33, 4, NULL, NULL),
(2754, 118, 3, 17, 34, 4, NULL, NULL),
(2755, 118, 15, 17, 1, 4, NULL, NULL),
(2756, 118, 15, 17, 2, 4, NULL, NULL),
(2757, 118, 15, 17, 3, 4, NULL, NULL),
(2758, 118, 15, 17, 4, 5, NULL, NULL),
(2759, 118, 15, 17, 5, 4, NULL, NULL),
(2760, 118, 15, 17, 6, 5, NULL, NULL),
(2761, 118, 15, 17, 7, 5, NULL, NULL),
(2762, 118, 15, 17, 8, 4, NULL, NULL),
(2763, 118, 15, 17, 9, 5, NULL, NULL),
(2764, 118, 15, 17, 10, 4, NULL, NULL),
(2765, 118, 15, 17, 11, 5, NULL, NULL),
(2766, 118, 15, 17, 12, 4, NULL, NULL),
(2767, 118, 15, 17, 13, 4, NULL, NULL),
(2768, 118, 15, 17, 14, 4, NULL, NULL),
(2769, 118, 15, 17, 15, 4, NULL, NULL),
(2770, 118, 15, 17, 16, 5, NULL, NULL),
(2771, 118, 15, 17, 17, 5, NULL, NULL),
(2772, 118, 15, 17, 18, 4, NULL, NULL),
(2773, 118, 15, 17, 19, 4, NULL, NULL),
(2774, 118, 15, 17, 20, 5, NULL, NULL),
(2775, 118, 15, 17, 21, 4, NULL, NULL),
(2776, 118, 15, 17, 22, 4, NULL, NULL),
(2777, 118, 15, 17, 23, 4, NULL, NULL),
(2778, 118, 15, 17, 24, 4, NULL, NULL),
(2779, 118, 15, 17, 25, 4, NULL, NULL),
(2780, 118, 15, 17, 26, 4, NULL, NULL),
(2781, 118, 15, 17, 27, 4, NULL, NULL),
(2782, 118, 15, 17, 28, 4, NULL, NULL),
(2783, 118, 15, 17, 29, 5, NULL, NULL),
(2784, 118, 15, 17, 30, 4, NULL, NULL),
(2785, 118, 15, 17, 31, 5, NULL, NULL),
(2786, 118, 15, 17, 32, 5, NULL, NULL),
(2787, 118, 15, 17, 33, 4, NULL, NULL),
(2788, 118, 15, 17, 34, 4, NULL, NULL),
(2789, 118, 16, 17, 1, 4, NULL, NULL),
(2790, 118, 16, 17, 2, 5, NULL, NULL),
(2791, 118, 16, 17, 3, 5, NULL, NULL),
(2792, 118, 16, 17, 4, 5, NULL, NULL),
(2793, 118, 16, 17, 5, 5, NULL, NULL),
(2794, 118, 16, 17, 6, 4, NULL, NULL),
(2795, 118, 16, 17, 7, 4, NULL, NULL),
(2796, 118, 16, 17, 8, 4, NULL, NULL),
(2797, 118, 16, 17, 9, 5, NULL, NULL),
(2798, 118, 16, 17, 10, 4, NULL, NULL),
(2799, 118, 16, 17, 11, 5, NULL, NULL),
(2800, 118, 16, 17, 12, 5, NULL, NULL),
(2801, 118, 16, 17, 13, 4, NULL, NULL),
(2802, 118, 16, 17, 14, 5, NULL, NULL),
(2803, 118, 16, 17, 15, 4, NULL, NULL),
(2804, 118, 16, 17, 16, 4, NULL, NULL),
(2805, 118, 16, 17, 17, 4, NULL, NULL),
(2806, 118, 16, 17, 18, 4, NULL, NULL),
(2807, 118, 16, 17, 19, 4, NULL, NULL),
(2808, 118, 16, 17, 20, 5, NULL, NULL),
(2809, 118, 16, 17, 21, 5, NULL, NULL),
(2810, 118, 16, 17, 22, 4, NULL, NULL),
(2811, 118, 16, 17, 23, 4, NULL, NULL),
(2812, 118, 16, 17, 24, 4, NULL, NULL);
INSERT INTO `peer_results` (`id`, `peer_survey_id`, `user_id`, `peer_id`, `indicator_id`, `answer`, `created_at`, `updated_at`) VALUES
(2813, 118, 16, 17, 25, 5, NULL, NULL),
(2814, 118, 16, 17, 26, 4, NULL, NULL),
(2815, 118, 16, 17, 27, 5, NULL, NULL),
(2816, 118, 16, 17, 28, 4, NULL, NULL),
(2817, 118, 16, 17, 29, 4, NULL, NULL),
(2818, 118, 16, 17, 30, 5, NULL, NULL),
(2819, 118, 16, 17, 31, 4, NULL, NULL),
(2820, 118, 16, 17, 32, 4, NULL, NULL),
(2821, 118, 16, 17, 33, 4, NULL, NULL),
(2822, 118, 16, 17, 34, 4, NULL, NULL),
(2823, 118, 15, 3, 1, 5, NULL, NULL),
(2824, 118, 15, 3, 2, 3, NULL, NULL),
(2825, 118, 15, 3, 3, 4, NULL, NULL),
(2826, 118, 15, 3, 4, 3, NULL, NULL),
(2827, 118, 15, 3, 5, 4, NULL, NULL),
(2828, 118, 15, 3, 6, 4, NULL, NULL),
(2829, 118, 15, 3, 7, 5, NULL, NULL),
(2830, 118, 15, 3, 8, 4, NULL, NULL),
(2831, 118, 15, 3, 9, 5, NULL, NULL),
(2832, 118, 15, 3, 10, 4, NULL, NULL),
(2833, 118, 15, 3, 11, 5, NULL, NULL),
(2834, 118, 15, 3, 12, 4, NULL, NULL),
(2835, 118, 15, 3, 13, 5, NULL, NULL),
(2836, 118, 15, 3, 14, 4, NULL, NULL),
(2837, 118, 15, 3, 15, 4, NULL, NULL),
(2838, 118, 15, 3, 16, 4, NULL, NULL),
(2839, 118, 15, 3, 17, 4, NULL, NULL),
(2840, 118, 15, 3, 18, 4, NULL, NULL),
(2841, 118, 15, 3, 19, 3, NULL, NULL),
(2842, 118, 15, 3, 20, 4, NULL, NULL),
(2843, 118, 15, 3, 21, 4, NULL, NULL),
(2844, 118, 15, 3, 22, 4, NULL, NULL),
(2845, 118, 15, 3, 23, 5, NULL, NULL),
(2846, 118, 15, 3, 24, 5, NULL, NULL),
(2847, 118, 15, 3, 25, 5, NULL, NULL),
(2848, 118, 15, 3, 26, 5, NULL, NULL),
(2849, 118, 15, 3, 27, 4, NULL, NULL),
(2850, 118, 15, 3, 28, 4, NULL, NULL),
(2851, 118, 15, 3, 29, 4, NULL, NULL),
(2852, 118, 15, 3, 30, 4, NULL, NULL),
(2853, 118, 15, 3, 31, 5, NULL, NULL),
(2854, 118, 15, 3, 32, 5, NULL, NULL),
(2855, 118, 15, 3, 33, 4, NULL, NULL),
(2856, 118, 15, 3, 34, 4, NULL, NULL),
(2857, 118, 16, 3, 1, 5, NULL, NULL),
(2858, 118, 16, 3, 2, 4, NULL, NULL),
(2859, 118, 16, 3, 3, 4, NULL, NULL),
(2860, 118, 16, 3, 4, 4, NULL, NULL),
(2861, 118, 16, 3, 5, 4, NULL, NULL),
(2862, 118, 16, 3, 6, 4, NULL, NULL),
(2863, 118, 16, 3, 7, 5, NULL, NULL),
(2864, 118, 16, 3, 8, 5, NULL, NULL),
(2865, 118, 16, 3, 9, 4, NULL, NULL),
(2866, 118, 16, 3, 10, 4, NULL, NULL),
(2867, 118, 16, 3, 11, 4, NULL, NULL),
(2868, 118, 16, 3, 12, 4, NULL, NULL),
(2869, 118, 16, 3, 13, 4, NULL, NULL),
(2870, 118, 16, 3, 14, 4, NULL, NULL),
(2871, 118, 16, 3, 15, 4, NULL, NULL),
(2872, 118, 16, 3, 16, 5, NULL, NULL),
(2873, 118, 16, 3, 17, 5, NULL, NULL),
(2874, 118, 16, 3, 18, 4, NULL, NULL),
(2875, 118, 16, 3, 19, 4, NULL, NULL),
(2876, 118, 16, 3, 20, 4, NULL, NULL),
(2877, 118, 16, 3, 21, 4, NULL, NULL),
(2878, 118, 16, 3, 22, 4, NULL, NULL),
(2879, 118, 16, 3, 23, 4, NULL, NULL),
(2880, 118, 16, 3, 24, 4, NULL, NULL),
(2881, 118, 16, 3, 25, 4, NULL, NULL),
(2882, 118, 16, 3, 26, 5, NULL, NULL),
(2883, 118, 16, 3, 27, 5, NULL, NULL),
(2884, 118, 16, 3, 28, 4, NULL, NULL),
(2885, 118, 16, 3, 29, 4, NULL, NULL),
(2886, 118, 16, 3, 30, 5, NULL, NULL),
(2887, 118, 16, 3, 31, 4, NULL, NULL),
(2888, 118, 16, 3, 32, 4, NULL, NULL),
(2889, 118, 16, 3, 33, 4, NULL, NULL),
(2890, 118, 16, 3, 34, 4, NULL, NULL),
(2891, 118, 17, 3, 1, 4, NULL, NULL),
(2892, 118, 17, 3, 2, 5, NULL, NULL),
(2893, 118, 17, 3, 3, 3, NULL, NULL),
(2894, 118, 17, 3, 4, 5, NULL, NULL),
(2895, 118, 17, 3, 5, 3, NULL, NULL),
(2896, 118, 17, 3, 6, 4, NULL, NULL),
(2897, 118, 17, 3, 7, 5, NULL, NULL),
(2898, 118, 17, 3, 8, 4, NULL, NULL),
(2899, 118, 17, 3, 9, 4, NULL, NULL),
(2900, 118, 17, 3, 10, 4, NULL, NULL),
(2901, 118, 17, 3, 11, 3, NULL, NULL),
(2902, 118, 17, 3, 12, 4, NULL, NULL),
(2903, 118, 17, 3, 13, 4, NULL, NULL),
(2904, 118, 17, 3, 14, 4, NULL, NULL),
(2905, 118, 17, 3, 15, 4, NULL, NULL),
(2906, 118, 17, 3, 16, 5, NULL, NULL),
(2907, 118, 17, 3, 17, 4, NULL, NULL),
(2908, 118, 17, 3, 18, 4, NULL, NULL),
(2909, 118, 17, 3, 19, 5, NULL, NULL),
(2910, 118, 17, 3, 20, 4, NULL, NULL),
(2911, 118, 17, 3, 21, 4, NULL, NULL),
(2912, 118, 17, 3, 22, 5, NULL, NULL),
(2913, 118, 17, 3, 23, 4, NULL, NULL),
(2914, 118, 17, 3, 24, 5, NULL, NULL),
(2915, 118, 17, 3, 25, 4, NULL, NULL),
(2916, 118, 17, 3, 26, 4, NULL, NULL),
(2917, 118, 17, 3, 27, 4, NULL, NULL),
(2918, 118, 17, 3, 28, 3, NULL, NULL),
(2919, 118, 17, 3, 29, 5, NULL, NULL),
(2920, 118, 17, 3, 30, 4, NULL, NULL),
(2921, 118, 17, 3, 31, 4, NULL, NULL),
(2922, 118, 17, 3, 32, 4, NULL, NULL),
(2923, 118, 17, 3, 33, 4, NULL, NULL),
(2924, 118, 17, 3, 34, 3, NULL, NULL),
(2925, 118, 16, 15, 1, 5, NULL, NULL),
(2926, 118, 16, 15, 2, 5, NULL, NULL),
(2927, 118, 16, 15, 3, 4, NULL, NULL),
(2928, 118, 16, 15, 4, 4, NULL, NULL),
(2929, 118, 16, 15, 5, 4, NULL, NULL),
(2930, 118, 16, 15, 6, 5, NULL, NULL),
(2931, 118, 16, 15, 7, 4, NULL, NULL),
(2932, 118, 16, 15, 8, 4, NULL, NULL),
(2933, 118, 16, 15, 9, 4, NULL, NULL),
(2934, 118, 16, 15, 10, 5, NULL, NULL),
(2935, 118, 16, 15, 11, 4, NULL, NULL),
(2936, 118, 16, 15, 12, 5, NULL, NULL),
(2937, 118, 16, 15, 13, 5, NULL, NULL),
(2938, 118, 16, 15, 14, 5, NULL, NULL),
(2939, 118, 16, 15, 15, 5, NULL, NULL),
(2940, 118, 16, 15, 16, 5, NULL, NULL),
(2941, 118, 16, 15, 17, 5, NULL, NULL),
(2942, 118, 16, 15, 18, 4, NULL, NULL),
(2943, 118, 16, 15, 19, 4, NULL, NULL),
(2944, 118, 16, 15, 20, 4, NULL, NULL),
(2945, 118, 16, 15, 21, 4, NULL, NULL),
(2946, 118, 16, 15, 22, 5, NULL, NULL),
(2947, 118, 16, 15, 23, 5, NULL, NULL),
(2948, 118, 16, 15, 24, 5, NULL, NULL),
(2949, 118, 16, 15, 25, 4, NULL, NULL),
(2950, 118, 16, 15, 26, 5, NULL, NULL),
(2951, 118, 16, 15, 27, 5, NULL, NULL),
(2952, 118, 16, 15, 28, 5, NULL, NULL),
(2953, 118, 16, 15, 29, 4, NULL, NULL),
(2954, 118, 16, 15, 30, 4, NULL, NULL),
(2955, 118, 16, 15, 31, 4, NULL, NULL),
(2956, 118, 16, 15, 32, 4, NULL, NULL),
(2957, 118, 16, 15, 33, 4, NULL, NULL),
(2958, 118, 16, 15, 34, 5, NULL, NULL),
(2959, 118, 17, 15, 1, 5, NULL, NULL),
(2960, 118, 17, 15, 2, 4, NULL, NULL),
(2961, 118, 17, 15, 3, 5, NULL, NULL),
(2962, 118, 17, 15, 4, 4, NULL, NULL),
(2963, 118, 17, 15, 5, 4, NULL, NULL),
(2964, 118, 17, 15, 6, 4, NULL, NULL),
(2965, 118, 17, 15, 7, 5, NULL, NULL),
(2966, 118, 17, 15, 8, 4, NULL, NULL),
(2967, 118, 17, 15, 9, 4, NULL, NULL),
(2968, 118, 17, 15, 10, 3, NULL, NULL),
(2969, 118, 17, 15, 11, 5, NULL, NULL),
(2970, 118, 17, 15, 12, 5, NULL, NULL),
(2971, 118, 17, 15, 13, 5, NULL, NULL),
(2972, 118, 17, 15, 14, 5, NULL, NULL),
(2973, 118, 17, 15, 15, 5, NULL, NULL),
(2974, 118, 17, 15, 16, 4, NULL, NULL),
(2975, 118, 17, 15, 17, 4, NULL, NULL),
(2976, 118, 17, 15, 18, 5, NULL, NULL),
(2977, 118, 17, 15, 19, 4, NULL, NULL),
(2978, 118, 17, 15, 20, 5, NULL, NULL),
(2979, 118, 17, 15, 21, 5, NULL, NULL),
(2980, 118, 17, 15, 22, 5, NULL, NULL),
(2981, 118, 17, 15, 23, 5, NULL, NULL),
(2982, 118, 17, 15, 24, 4, NULL, NULL),
(2983, 118, 17, 15, 25, 5, NULL, NULL),
(2984, 118, 17, 15, 26, 5, NULL, NULL),
(2985, 118, 17, 15, 27, 5, NULL, NULL),
(2986, 118, 17, 15, 28, 5, NULL, NULL),
(2987, 118, 17, 15, 29, 4, NULL, NULL),
(2988, 118, 17, 15, 30, 4, NULL, NULL),
(2989, 118, 17, 15, 31, 4, NULL, NULL),
(2990, 118, 17, 15, 32, 4, NULL, NULL),
(2991, 118, 17, 15, 33, 4, NULL, NULL),
(2992, 118, 17, 15, 34, 5, NULL, NULL),
(2993, 118, 17, 16, 1, 4, NULL, NULL),
(2994, 118, 17, 16, 2, 4, NULL, NULL),
(2995, 118, 17, 16, 3, 3, NULL, NULL),
(2996, 118, 17, 16, 4, 5, NULL, NULL),
(2997, 118, 17, 16, 5, 5, NULL, NULL),
(2998, 118, 17, 16, 6, 4, NULL, NULL),
(2999, 118, 17, 16, 7, 4, NULL, NULL),
(3000, 118, 17, 16, 8, 4, NULL, NULL),
(3001, 118, 17, 16, 9, 5, NULL, NULL),
(3002, 118, 17, 16, 10, 5, NULL, NULL),
(3003, 118, 17, 16, 11, 4, NULL, NULL),
(3004, 118, 17, 16, 12, 4, NULL, NULL),
(3005, 118, 17, 16, 13, 5, NULL, NULL),
(3006, 118, 17, 16, 14, 4, NULL, NULL),
(3007, 118, 17, 16, 15, 5, NULL, NULL),
(3008, 118, 17, 16, 16, 5, NULL, NULL),
(3009, 118, 17, 16, 17, 4, NULL, NULL),
(3010, 118, 17, 16, 18, 5, NULL, NULL),
(3011, 118, 17, 16, 19, 5, NULL, NULL),
(3012, 118, 17, 16, 20, 4, NULL, NULL),
(3013, 118, 17, 16, 21, 4, NULL, NULL),
(3014, 118, 17, 16, 22, 5, NULL, NULL),
(3015, 118, 17, 16, 23, 4, NULL, NULL),
(3016, 118, 17, 16, 24, 5, NULL, NULL),
(3017, 118, 17, 16, 25, 4, NULL, NULL),
(3018, 118, 17, 16, 26, 4, NULL, NULL),
(3019, 118, 17, 16, 27, 4, NULL, NULL),
(3020, 118, 17, 16, 28, 5, NULL, NULL),
(3021, 118, 17, 16, 29, 4, NULL, NULL),
(3022, 118, 17, 16, 30, 4, NULL, NULL),
(3023, 118, 17, 16, 31, 3, NULL, NULL),
(3024, 118, 17, 16, 32, 3, NULL, NULL),
(3025, 118, 17, 16, 33, 4, NULL, NULL),
(3026, 118, 17, 16, 34, 4, NULL, NULL),
(3027, 118, 3, 18, 1, 5, NULL, NULL),
(3028, 118, 3, 18, 2, 4, NULL, NULL),
(3029, 118, 3, 18, 3, 4, NULL, NULL),
(3030, 118, 3, 18, 4, 4, NULL, NULL),
(3031, 118, 3, 18, 5, 5, NULL, NULL),
(3032, 118, 3, 18, 6, 4, NULL, NULL),
(3033, 118, 3, 18, 7, 4, NULL, NULL),
(3034, 118, 3, 18, 8, 4, NULL, NULL),
(3035, 118, 3, 18, 9, 5, NULL, NULL),
(3036, 118, 3, 18, 10, 4, NULL, NULL),
(3037, 118, 3, 18, 11, 4, NULL, NULL),
(3038, 118, 3, 18, 12, 4, NULL, NULL),
(3039, 118, 3, 18, 13, 4, NULL, NULL),
(3040, 118, 3, 18, 14, 4, NULL, NULL),
(3041, 118, 3, 18, 15, 4, NULL, NULL),
(3042, 118, 3, 18, 16, 4, NULL, NULL),
(3043, 118, 3, 18, 17, 4, NULL, NULL),
(3044, 118, 3, 18, 18, 4, NULL, NULL),
(3045, 118, 3, 18, 19, 4, NULL, NULL),
(3046, 118, 3, 18, 20, 4, NULL, NULL),
(3047, 118, 3, 18, 21, 5, NULL, NULL),
(3048, 118, 3, 18, 22, 5, NULL, NULL),
(3049, 118, 3, 18, 23, 4, NULL, NULL),
(3050, 118, 3, 18, 24, 4, NULL, NULL),
(3051, 118, 3, 18, 25, 4, NULL, NULL),
(3052, 118, 3, 18, 26, 5, NULL, NULL),
(3053, 118, 3, 18, 27, 5, NULL, NULL),
(3054, 118, 3, 18, 28, 5, NULL, NULL),
(3055, 118, 3, 18, 29, 4, NULL, NULL),
(3056, 118, 3, 18, 30, 3, NULL, NULL),
(3057, 118, 3, 18, 31, 4, NULL, NULL),
(3058, 118, 3, 18, 32, 5, NULL, NULL),
(3059, 118, 3, 18, 33, 4, NULL, NULL),
(3060, 118, 3, 18, 34, 4, NULL, NULL),
(3061, 118, 15, 18, 1, 4, NULL, NULL),
(3062, 118, 15, 18, 2, 4, NULL, NULL),
(3063, 118, 15, 18, 3, 3, NULL, NULL),
(3064, 118, 15, 18, 4, 4, NULL, NULL),
(3065, 118, 15, 18, 5, 4, NULL, NULL),
(3066, 118, 15, 18, 6, 5, NULL, NULL),
(3067, 118, 15, 18, 7, 4, NULL, NULL),
(3068, 118, 15, 18, 8, 4, NULL, NULL),
(3069, 118, 15, 18, 9, 4, NULL, NULL),
(3070, 118, 15, 18, 10, 5, NULL, NULL),
(3071, 118, 15, 18, 11, 4, NULL, NULL),
(3072, 118, 15, 18, 12, 5, NULL, NULL),
(3073, 118, 15, 18, 13, 4, NULL, NULL),
(3074, 118, 15, 18, 14, 4, NULL, NULL),
(3075, 118, 15, 18, 15, 5, NULL, NULL),
(3076, 118, 15, 18, 16, 5, NULL, NULL),
(3077, 118, 15, 18, 17, 4, NULL, NULL),
(3078, 118, 15, 18, 18, 5, NULL, NULL),
(3079, 118, 15, 18, 19, 5, NULL, NULL),
(3080, 118, 15, 18, 20, 4, NULL, NULL),
(3081, 118, 15, 18, 21, 4, NULL, NULL),
(3082, 118, 15, 18, 22, 5, NULL, NULL),
(3083, 118, 15, 18, 23, 3, NULL, NULL),
(3084, 118, 15, 18, 24, 4, NULL, NULL),
(3085, 118, 15, 18, 25, 5, NULL, NULL),
(3086, 118, 15, 18, 26, 4, NULL, NULL),
(3087, 118, 15, 18, 27, 4, NULL, NULL),
(3088, 118, 15, 18, 28, 4, NULL, NULL),
(3089, 118, 15, 18, 29, 4, NULL, NULL),
(3090, 118, 15, 18, 30, 4, NULL, NULL),
(3091, 118, 15, 18, 31, 5, NULL, NULL),
(3092, 118, 15, 18, 32, 5, NULL, NULL),
(3093, 118, 15, 18, 33, 5, NULL, NULL),
(3094, 118, 15, 18, 34, 4, NULL, NULL),
(3095, 118, 16, 18, 1, 5, NULL, NULL),
(3096, 118, 16, 18, 2, 4, NULL, NULL),
(3097, 118, 16, 18, 3, 4, NULL, NULL),
(3098, 118, 16, 18, 4, 5, NULL, NULL),
(3099, 118, 16, 18, 5, 4, NULL, NULL),
(3100, 118, 16, 18, 6, 5, NULL, NULL),
(3101, 118, 16, 18, 7, 4, NULL, NULL),
(3102, 118, 16, 18, 8, 5, NULL, NULL),
(3103, 118, 16, 18, 9, 4, NULL, NULL),
(3104, 118, 16, 18, 10, 4, NULL, NULL),
(3105, 118, 16, 18, 11, 3, NULL, NULL),
(3106, 118, 16, 18, 12, 4, NULL, NULL),
(3107, 118, 16, 18, 13, 4, NULL, NULL),
(3108, 118, 16, 18, 14, 4, NULL, NULL),
(3109, 118, 16, 18, 15, 5, NULL, NULL),
(3110, 118, 16, 18, 16, 4, NULL, NULL),
(3111, 118, 16, 18, 17, 4, NULL, NULL),
(3112, 118, 16, 18, 18, 5, NULL, NULL),
(3113, 118, 16, 18, 19, 4, NULL, NULL),
(3114, 118, 16, 18, 20, 4, NULL, NULL),
(3115, 118, 16, 18, 21, 4, NULL, NULL),
(3116, 118, 16, 18, 22, 4, NULL, NULL),
(3117, 118, 16, 18, 23, 5, NULL, NULL),
(3118, 118, 16, 18, 24, 4, NULL, NULL),
(3119, 118, 16, 18, 25, 4, NULL, NULL),
(3120, 118, 16, 18, 26, 4, NULL, NULL),
(3121, 118, 16, 18, 27, 5, NULL, NULL),
(3122, 118, 16, 18, 28, 4, NULL, NULL),
(3123, 118, 16, 18, 29, 5, NULL, NULL),
(3124, 118, 16, 18, 30, 5, NULL, NULL),
(3125, 118, 16, 18, 31, 4, NULL, NULL),
(3126, 118, 16, 18, 32, 5, NULL, NULL),
(3127, 118, 16, 18, 33, 4, NULL, NULL),
(3128, 118, 16, 18, 34, 4, NULL, NULL),
(3129, 118, 17, 18, 1, 2, NULL, NULL),
(3130, 118, 17, 18, 2, 2, NULL, NULL),
(3131, 118, 17, 18, 3, 3, NULL, NULL),
(3132, 118, 17, 18, 4, 4, NULL, NULL),
(3133, 118, 17, 18, 5, 2, NULL, NULL),
(3134, 118, 17, 18, 6, 2, NULL, NULL),
(3135, 118, 17, 18, 7, 3, NULL, NULL),
(3136, 118, 17, 18, 8, 3, NULL, NULL),
(3137, 118, 17, 18, 9, 4, NULL, NULL),
(3138, 118, 17, 18, 10, 2, NULL, NULL),
(3139, 118, 17, 18, 11, 3, NULL, NULL),
(3140, 118, 17, 18, 12, 2, NULL, NULL),
(3141, 118, 17, 18, 13, 1, NULL, NULL),
(3142, 118, 17, 18, 14, 1, NULL, NULL),
(3143, 118, 17, 18, 15, 2, NULL, NULL),
(3144, 118, 17, 18, 16, 3, NULL, NULL),
(3145, 118, 17, 18, 17, 4, NULL, NULL),
(3146, 118, 17, 18, 18, 3, NULL, NULL),
(3147, 118, 17, 18, 19, 2, NULL, NULL),
(3148, 118, 17, 18, 20, 3, NULL, NULL),
(3149, 118, 17, 18, 21, 2, NULL, NULL),
(3150, 118, 17, 18, 22, 2, NULL, NULL),
(3151, 118, 17, 18, 23, 4, NULL, NULL),
(3152, 118, 17, 18, 24, 3, NULL, NULL),
(3153, 118, 17, 18, 25, 2, NULL, NULL),
(3154, 118, 17, 18, 26, 3, NULL, NULL),
(3155, 118, 17, 18, 27, 2, NULL, NULL),
(3156, 118, 17, 18, 28, 3, NULL, NULL),
(3157, 118, 17, 18, 29, 1, NULL, NULL),
(3158, 118, 17, 18, 30, 1, NULL, NULL),
(3159, 118, 17, 18, 31, 2, NULL, NULL),
(3160, 118, 17, 18, 32, 4, NULL, NULL),
(3161, 118, 17, 18, 33, 1, NULL, NULL),
(3162, 118, 17, 18, 34, 2, NULL, NULL);

-- --------------------------------------------------------

--
-- Table structure for table `peer_surveys`
--

CREATE TABLE `peer_surveys` (
  `id` int(10) UNSIGNED NOT NULL,
  `survey_id` int(10) UNSIGNED NOT NULL,
  `peer_id` int(10) UNSIGNED NOT NULL,
  `user_id` int(10) UNSIGNED NOT NULL,
  `created_at` timestamp NULL DEFAULT NULL,
  `updated_at` timestamp NULL DEFAULT NULL
) ENGINE=InnoDB DEFAULT CHARSET=utf8 COLLATE=utf8_unicode_ci;

--
-- Dumping data for table `peer_surveys`
--

INSERT INTO `peer_surveys` (`id`, `survey_id`, `peer_id`, `user_id`, `created_at`, `updated_at`) VALUES
(7, 101, 15, 2, '2016-11-15 10:22:52', '2016-11-15 10:22:52'),
(8, 101, 16, 2, '2016-11-15 10:22:53', '2016-11-15 10:22:53'),
(9, 101, 17, 2, '2016-11-15 10:22:55', '2016-11-15 10:22:55'),
(10, 101, 18, 2, '2016-11-15 10:22:56', '2016-11-15 10:22:56'),
(11, 101, 19, 2, '2016-11-15 10:22:57', '2016-11-15 10:22:57'),
(12, 101, 15, 3, '2016-11-15 10:31:38', '2016-11-15 10:31:38'),
(13, 101, 16, 3, '2016-11-15 10:31:39', '2016-11-15 10:31:39'),
(14, 101, 17, 3, '2016-11-15 10:31:41', '2016-11-15 10:31:41'),
(15, 101, 18, 3, '2016-11-15 10:31:42', '2016-11-15 10:31:42'),
(16, 101, 19, 3, '2016-11-15 10:31:43', '2016-11-15 10:31:43'),
(17, 101, 16, 15, '2016-11-15 10:34:00', '2016-11-15 10:34:00'),
(18, 101, 17, 15, '2016-11-15 10:34:01', '2016-11-15 10:34:01'),
(19, 101, 18, 15, '2016-11-15 10:34:02', '2016-11-15 10:34:02'),
(20, 101, 19, 15, '2016-11-15 10:34:03', '2016-11-15 10:34:03'),
(21, 101, 2, 15, '2016-11-15 10:34:05', '2016-11-15 10:34:05'),
(22, 101, 15, 16, '2016-11-15 10:37:27', '2016-11-15 10:37:27'),
(23, 101, 17, 16, '2016-11-15 10:37:28', '2016-11-15 10:37:28'),
(24, 101, 18, 16, '2016-11-15 10:37:29', '2016-11-15 10:37:29'),
(25, 101, 19, 16, '2016-11-15 10:37:31', '2016-11-15 10:37:31'),
(26, 101, 2, 16, '2016-11-15 10:37:32', '2016-11-15 10:37:32'),
(27, 101, 15, 17, '2016-11-15 10:41:18', '2016-11-15 10:41:18'),
(28, 101, 16, 17, '2016-11-15 10:41:19', '2016-11-15 10:41:19'),
(29, 101, 18, 17, '2016-11-15 10:41:21', '2016-11-15 10:41:21'),
(30, 101, 19, 17, '2016-11-15 10:41:22', '2016-11-15 10:41:22'),
(31, 101, 2, 17, '2016-11-15 10:41:23', '2016-11-15 10:41:23'),
(32, 101, 15, 19, '2016-11-15 10:46:17', '2016-11-15 10:46:17'),
(33, 101, 16, 19, '2016-11-15 10:46:19', '2016-11-15 10:46:19'),
(34, 101, 17, 19, '2016-11-15 10:46:20', '2016-11-15 10:46:20'),
(35, 101, 18, 19, '2016-11-15 10:46:21', '2016-11-15 10:46:21'),
(36, 101, 2, 19, '2016-11-15 10:46:23', '2016-11-15 10:46:23'),
(37, 101, 15, 18, '2016-11-15 10:56:40', '2016-11-15 10:56:40'),
(38, 101, 16, 18, '2016-11-15 10:56:42', '2016-11-15 10:56:42'),
(39, 101, 17, 18, '2016-11-15 10:56:43', '2016-11-15 10:56:43'),
(40, 101, 19, 18, '2016-11-15 10:56:44', '2016-11-15 10:56:44'),
(41, 101, 2, 18, '2016-11-15 10:56:46', '2016-11-15 10:56:46'),
(42, 103, 15, 3, '2016-11-15 12:45:37', '2016-11-15 12:45:37'),
(43, 103, 16, 3, '2016-11-15 12:45:39', '2016-11-15 12:45:39'),
(44, 103, 17, 3, '2016-11-15 12:45:40', '2016-11-15 12:45:40'),
(45, 103, 18, 3, '2016-11-15 12:45:41', '2016-11-15 12:45:41'),
(46, 103, 19, 3, '2016-11-15 12:45:43', '2016-11-15 12:45:43'),
(47, 103, 16, 15, '2016-11-15 12:47:59', '2016-11-15 12:47:59'),
(48, 103, 17, 15, '2016-11-15 12:48:00', '2016-11-15 12:48:00'),
(49, 103, 18, 15, '2016-11-15 12:48:02', '2016-11-15 12:48:02'),
(50, 103, 19, 15, '2016-11-15 12:48:03', '2016-11-15 12:48:03'),
(51, 103, 3, 15, '2016-11-15 12:48:04', '2016-11-15 12:48:04'),
(52, 103, 15, 16, '2016-11-15 12:51:22', '2016-11-15 12:51:22'),
(53, 103, 17, 16, '2016-11-15 12:51:24', '2016-11-15 12:51:24'),
(54, 103, 18, 16, '2016-11-15 12:51:25', '2016-11-15 12:51:25'),
(55, 103, 19, 16, '2016-11-15 12:51:27', '2016-11-15 12:51:27'),
(56, 103, 3, 16, '2016-11-15 12:51:28', '2016-11-15 12:51:28'),
(57, 103, 15, 19, '2016-11-15 13:04:55', '2016-11-15 13:04:55'),
(58, 103, 16, 19, '2016-11-15 13:04:57', '2016-11-15 13:04:57'),
(59, 103, 17, 19, '2016-11-15 13:04:58', '2016-11-15 13:04:58'),
(60, 103, 18, 19, '2016-11-15 13:04:59', '2016-11-15 13:04:59'),
(61, 103, 3, 19, '2016-11-15 13:05:00', '2016-11-15 13:05:00'),
(62, 103, 15, 17, '2016-11-15 13:07:56', '2016-11-15 13:07:56'),
(63, 103, 16, 17, '2016-11-15 13:07:58', '2016-11-15 13:07:58'),
(64, 103, 18, 17, '2016-11-15 13:07:59', '2016-11-15 13:07:59'),
(65, 103, 19, 17, '2016-11-15 13:08:00', '2016-11-15 13:08:00'),
(66, 103, 3, 17, '2016-11-15 13:08:01', '2016-11-15 13:08:01'),
(67, 103, 15, 18, '2016-11-15 13:09:29', '2016-11-15 13:09:29'),
(68, 103, 16, 18, '2016-11-15 13:09:30', '2016-11-15 13:09:30'),
(69, 103, 17, 18, '2016-11-15 13:09:31', '2016-11-15 13:09:31'),
(70, 103, 19, 18, '2016-11-15 13:09:32', '2016-11-15 13:09:32'),
(71, 103, 3, 18, '2016-11-15 13:09:34', '2016-11-15 13:09:34'),
(72, 108, 16, 3, '2016-11-21 12:01:14', '2016-11-21 12:01:14'),
(73, 108, 17, 3, '2016-11-21 12:01:16', '2016-11-21 12:01:16'),
(74, 108, 18, 3, '2016-11-21 12:01:17', '2016-11-21 12:01:17'),
(75, 108, 20, 3, '2016-11-21 12:01:19', '2016-11-21 12:01:19'),
(76, 108, 21, 3, '2016-11-21 12:01:20', '2016-11-21 12:01:20'),
(77, 107, 15, 3, '2016-11-21 12:01:52', '2016-11-21 12:01:52'),
(78, 107, 16, 3, '2016-11-21 12:01:54', '2016-11-21 12:01:54'),
(79, 107, 17, 3, '2016-11-21 12:01:55', '2016-11-21 12:01:55'),
(80, 107, 18, 3, '2016-11-21 12:01:56', '2016-11-21 12:01:56'),
(81, 107, 19, 3, '2016-11-21 12:01:58', '2016-11-21 12:01:58'),
(82, 110, 16, 3, '2016-12-01 11:08:54', '2016-12-01 11:08:54'),
(83, 110, 17, 3, '2016-12-01 11:08:56', '2016-12-01 11:08:56'),
(84, 110, 18, 3, '2016-12-01 11:08:57', '2016-12-01 11:08:57'),
(85, 110, 19, 3, '2016-12-01 11:08:58', '2016-12-01 11:08:58'),
(86, 110, 2, 3, '2016-12-01 11:08:59', '2016-12-01 11:08:59'),
(87, 110, 16, 2, '2016-12-01 11:18:26', '2016-12-01 11:18:26'),
(88, 110, 17, 2, '2016-12-01 11:18:27', '2016-12-01 11:18:27'),
(89, 110, 18, 2, '2016-12-01 11:18:29', '2016-12-01 11:18:29'),
(90, 110, 19, 2, '2016-12-01 11:18:30', '2016-12-01 11:18:30'),
(91, 110, 3, 2, '2016-12-01 11:18:31', '2016-12-01 11:18:31'),
(92, 110, 16, 17, '2016-12-01 11:25:25', '2016-12-01 11:25:25'),
(93, 110, 18, 17, '2016-12-01 11:25:27', '2016-12-01 11:25:27'),
(94, 110, 19, 17, '2016-12-01 11:25:28', '2016-12-01 11:25:28'),
(95, 110, 2, 17, '2016-12-01 11:25:29', '2016-12-01 11:25:29'),
(96, 110, 3, 17, '2016-12-01 11:25:31', '2016-12-01 11:25:31'),
(98, 112, 16, 3, '2016-12-01 13:52:32', '2016-12-01 13:52:32'),
(99, 112, 17, 3, '2016-12-01 13:52:34', '2016-12-01 13:52:34'),
(100, 112, 18, 3, '2016-12-01 13:52:35', '2016-12-01 13:52:35'),
(101, 112, 19, 3, '2016-12-01 13:52:36', '2016-12-01 13:52:36'),
(102, 112, 20, 3, '2016-12-01 13:52:38', '2016-12-01 13:52:38'),
(103, 112, 3, 16, '2016-12-01 13:53:53', '2016-12-01 13:53:53'),
(104, 112, 17, 16, '2016-12-01 13:53:55', '2016-12-01 13:53:55'),
(105, 112, 18, 16, '2016-12-01 13:53:56', '2016-12-01 13:53:56'),
(106, 112, 19, 16, '2016-12-01 13:53:57', '2016-12-01 13:53:57'),
(107, 112, 20, 16, '2016-12-01 13:53:58', '2016-12-01 13:53:58'),
(108, 112, 3, 17, '2016-12-01 13:54:49', '2016-12-01 13:54:49'),
(109, 112, 16, 17, '2016-12-01 13:54:51', '2016-12-01 13:54:51'),
(110, 112, 18, 17, '2016-12-01 13:54:53', '2016-12-01 13:54:53'),
(111, 112, 19, 17, '2016-12-01 13:54:54', '2016-12-01 13:54:54'),
(112, 112, 20, 17, '2016-12-01 13:54:55', '2016-12-01 13:54:55'),
(113, 117, 3, 2, '2017-01-02 21:07:23', '2017-01-02 21:07:23'),
(114, 117, 15, 2, '2017-01-02 21:07:24', '2017-01-02 21:07:24'),
(115, 117, 16, 2, '2017-01-02 21:07:26', '2017-01-02 21:07:26'),
(116, 117, 17, 2, '2017-01-02 21:07:27', '2017-01-02 21:07:27'),
(117, 117, 18, 2, '2017-01-02 21:07:28', '2017-01-02 21:07:28'),
(118, 117, 19, 2, '2017-01-02 21:07:29', '2017-01-02 21:07:29'),
(119, 117, 20, 2, '2017-01-02 21:07:31', '2017-01-02 21:07:31'),
(120, 117, 15, 3, '2017-01-02 21:12:43', '2017-01-02 21:12:43'),
(121, 117, 16, 3, '2017-01-02 21:12:44', '2017-01-02 21:12:44'),
(122, 117, 17, 3, '2017-01-02 21:12:45', '2017-01-02 21:12:45'),
(123, 117, 18, 3, '2017-01-02 21:12:47', '2017-01-02 21:12:47'),
(124, 117, 19, 3, '2017-01-02 21:12:48', '2017-01-02 21:12:48'),
(125, 117, 20, 3, '2017-01-02 21:12:49', '2017-01-02 21:12:49'),
(126, 117, 21, 3, '2017-01-02 21:12:50', '2017-01-02 21:12:50'),
(127, 117, 3, 15, '2017-01-02 21:18:54', '2017-01-02 21:18:54'),
(128, 117, 16, 15, '2017-01-02 21:18:55', '2017-01-02 21:18:55'),
(129, 117, 17, 15, '2017-01-02 21:18:56', '2017-01-02 21:18:56'),
(130, 117, 18, 15, '2017-01-02 21:18:57', '2017-01-02 21:18:57'),
(131, 117, 19, 15, '2017-01-02 21:18:59', '2017-01-02 21:18:59'),
(132, 117, 20, 15, '2017-01-02 21:19:00', '2017-01-02 21:19:00'),
(133, 117, 21, 15, '2017-01-02 21:19:01', '2017-01-02 21:19:01'),
(134, 117, 3, 16, '2017-01-02 21:23:04', '2017-01-02 21:23:04'),
(135, 117, 15, 16, '2017-01-02 21:23:06', '2017-01-02 21:23:06'),
(136, 117, 17, 16, '2017-01-02 21:23:07', '2017-01-02 21:23:07'),
(137, 117, 18, 16, '2017-01-02 21:23:08', '2017-01-02 21:23:08'),
(138, 117, 19, 16, '2017-01-02 21:23:09', '2017-01-02 21:23:09'),
(139, 117, 20, 16, '2017-01-02 21:23:11', '2017-01-02 21:23:11'),
(140, 117, 21, 16, '2017-01-02 21:23:12', '2017-01-02 21:23:12'),
(141, 117, 3, 17, '2017-01-02 21:29:56', '2017-01-02 21:29:56'),
(142, 117, 15, 17, '2017-01-02 21:29:58', '2017-01-02 21:29:58'),
(143, 117, 16, 17, '2017-01-02 21:29:59', '2017-01-02 21:29:59'),
(144, 117, 18, 17, '2017-01-02 21:30:01', '2017-01-02 21:30:01'),
(145, 117, 19, 17, '2017-01-02 21:30:02', '2017-01-02 21:30:02'),
(146, 117, 20, 17, '2017-01-02 21:30:03', '2017-01-02 21:30:03'),
(147, 117, 21, 17, '2017-01-02 21:30:05', '2017-01-02 21:30:05'),
(148, 118, 15, 3, '2017-01-02 21:53:33', '2017-01-02 21:53:33'),
(149, 118, 16, 3, '2017-01-02 21:53:34', '2017-01-02 21:53:34'),
(150, 118, 17, 3, '2017-01-02 21:53:35', '2017-01-02 21:53:35'),
(151, 118, 18, 3, '2017-01-02 21:53:36', '2017-01-02 21:53:36'),
(152, 118, 3, 15, '2017-01-02 22:09:38', '2017-01-02 22:09:38'),
(153, 118, 16, 15, '2017-01-02 22:09:39', '2017-01-02 22:09:39'),
(154, 118, 17, 15, '2017-01-02 22:09:41', '2017-01-02 22:09:41'),
(155, 118, 18, 15, '2017-01-02 22:09:42', '2017-01-02 22:09:42'),
(156, 118, 3, 16, '2017-01-02 22:12:32', '2017-01-02 22:12:32'),
(157, 118, 15, 16, '2017-01-02 22:12:33', '2017-01-02 22:12:33'),
(158, 118, 17, 16, '2017-01-02 22:12:35', '2017-01-02 22:12:35'),
(159, 118, 18, 16, '2017-01-02 22:12:36', '2017-01-02 22:12:36'),
(160, 118, 3, 17, '2017-01-02 22:16:42', '2017-01-02 22:16:42'),
(161, 118, 15, 17, '2017-01-02 22:16:43', '2017-01-02 22:16:43'),
(162, 118, 16, 17, '2017-01-02 22:16:44', '2017-01-02 22:16:44'),
(163, 118, 18, 17, '2017-01-02 22:16:46', '2017-01-02 22:16:46'),
(164, 118, 3, 18, '2017-01-02 22:31:41', '2017-01-02 22:31:41'),
(165, 118, 15, 18, '2017-01-02 22:31:43', '2017-01-02 22:31:43'),
(166, 118, 16, 18, '2017-01-02 22:31:44', '2017-01-02 22:31:44'),
(167, 118, 17, 18, '2017-01-02 22:31:45', '2017-01-02 22:31:45');

-- --------------------------------------------------------

--
-- Table structure for table `permissions`
--

CREATE TABLE `permissions` (
  `id` int(10) UNSIGNED NOT NULL,
  `name` varchar(255) COLLATE utf8_unicode_ci NOT NULL,
  `display_name` varchar(255) COLLATE utf8_unicode_ci DEFAULT NULL,
  `description` varchar(255) COLLATE utf8_unicode_ci DEFAULT NULL,
  `created_at` timestamp NULL DEFAULT NULL,
  `updated_at` timestamp NULL DEFAULT NULL
) ENGINE=InnoDB DEFAULT CHARSET=utf8 COLLATE=utf8_unicode_ci;

-- --------------------------------------------------------

--
-- Table structure for table `permission_role`
--

CREATE TABLE `permission_role` (
  `permission_id` int(10) UNSIGNED NOT NULL,
  `role_id` int(10) UNSIGNED NOT NULL
) ENGINE=InnoDB DEFAULT CHARSET=utf8 COLLATE=utf8_unicode_ci;

-- --------------------------------------------------------

--
-- Table structure for table `results`
--

CREATE TABLE `results` (
  `id` int(10) UNSIGNED NOT NULL,
  `survey_id` int(10) UNSIGNED NOT NULL,
  `user_id` int(10) UNSIGNED NOT NULL,
  `indicator_id` int(10) UNSIGNED NOT NULL,
  `answer` int(11) NOT NULL,
  `created_at` timestamp NULL DEFAULT NULL,
  `updated_at` timestamp NULL DEFAULT NULL
) ENGINE=InnoDB DEFAULT CHARSET=utf8 COLLATE=utf8_unicode_ci;

--
-- Dumping data for table `results`
--

INSERT INTO `results` (`id`, `survey_id`, `user_id`, `indicator_id`, `answer`, `created_at`, `updated_at`) VALUES
(1361, 102, 3, 1, 3, '2016-11-15 12:44:49', '2016-11-15 12:44:49'),
(1362, 102, 3, 2, 3, '2016-11-15 12:44:49', '2016-11-15 12:44:49'),
(1363, 102, 3, 3, 4, '2016-11-15 12:44:49', '2016-11-15 12:44:49'),
(1364, 102, 3, 4, 5, '2016-11-15 12:44:49', '2016-11-15 12:44:49'),
(1365, 102, 3, 5, 4, '2016-11-15 12:44:49', '2016-11-15 12:44:49'),
(1366, 102, 3, 6, 4, '2016-11-15 12:44:49', '2016-11-15 12:44:49'),
(1367, 102, 3, 7, 5, '2016-11-15 12:44:49', '2016-11-15 12:44:49'),
(1368, 102, 3, 8, 4, '2016-11-15 12:44:49', '2016-11-15 12:44:49'),
(1369, 102, 3, 9, 4, '2016-11-15 12:44:49', '2016-11-15 12:44:49'),
(1370, 102, 3, 10, 5, '2016-11-15 12:44:49', '2016-11-15 12:44:49'),
(1371, 102, 3, 11, 4, '2016-11-15 12:44:49', '2016-11-15 12:44:49'),
(1372, 102, 3, 12, 3, '2016-11-15 12:44:49', '2016-11-15 12:44:49'),
(1373, 102, 3, 13, 4, '2016-11-15 12:44:49', '2016-11-15 12:44:49'),
(1374, 102, 3, 14, 5, '2016-11-15 12:44:49', '2016-11-15 12:44:49'),
(1375, 102, 3, 15, 4, '2016-11-15 12:44:49', '2016-11-15 12:44:49'),
(1376, 102, 3, 16, 3, '2016-11-15 12:44:49', '2016-11-15 12:44:49'),
(1377, 102, 3, 17, 4, '2016-11-15 12:44:49', '2016-11-15 12:44:49'),
(1378, 102, 3, 18, 5, '2016-11-15 12:44:49', '2016-11-15 12:44:49'),
(1379, 102, 3, 19, 4, '2016-11-15 12:44:49', '2016-11-15 12:44:49'),
(1380, 102, 3, 20, 3, '2016-11-15 12:44:49', '2016-11-15 12:44:49'),
(1381, 102, 3, 21, 4, '2016-11-15 12:44:49', '2016-11-15 12:44:49'),
(1382, 102, 3, 22, 5, '2016-11-15 12:44:49', '2016-11-15 12:44:49'),
(1383, 102, 3, 23, 4, '2016-11-15 12:44:49', '2016-11-15 12:44:49'),
(1384, 102, 3, 24, 4, '2016-11-15 12:44:49', '2016-11-15 12:44:49'),
(1385, 102, 3, 25, 5, '2016-11-15 12:44:49', '2016-11-15 12:44:49'),
(1386, 102, 3, 26, 4, '2016-11-15 12:44:49', '2016-11-15 12:44:49'),
(1387, 102, 3, 27, 3, '2016-11-15 12:44:49', '2016-11-15 12:44:49'),
(1388, 102, 3, 28, 4, '2016-11-15 12:44:49', '2016-11-15 12:44:49'),
(1389, 102, 3, 29, 5, '2016-11-15 12:44:49', '2016-11-15 12:44:49'),
(1390, 102, 3, 30, 4, '2016-11-15 12:44:49', '2016-11-15 12:44:49'),
(1391, 102, 3, 31, 4, '2016-11-15 12:44:49', '2016-11-15 12:44:49'),
(1392, 102, 3, 32, 5, '2016-11-15 12:44:49', '2016-11-15 12:44:49'),
(1393, 102, 3, 33, 5, '2016-11-15 12:44:49', '2016-11-15 12:44:49'),
(1394, 102, 3, 34, 5, '2016-11-15 12:44:49', '2016-11-15 12:44:49'),
(1395, 102, 15, 1, 4, '2016-11-15 12:46:55', '2016-11-15 12:46:55'),
(1396, 102, 15, 2, 3, '2016-11-15 12:46:55', '2016-11-15 12:46:55'),
(1397, 102, 15, 3, 2, '2016-11-15 12:46:55', '2016-11-15 12:46:55'),
(1398, 102, 15, 4, 4, '2016-11-15 12:46:55', '2016-11-15 12:46:55'),
(1399, 102, 15, 5, 4, '2016-11-15 12:46:55', '2016-11-15 12:46:55'),
(1400, 102, 15, 6, 2, '2016-11-15 12:46:55', '2016-11-15 12:46:55'),
(1401, 102, 15, 7, 2, '2016-11-15 12:46:55', '2016-11-15 12:46:55'),
(1402, 102, 15, 8, 2, '2016-11-15 12:46:55', '2016-11-15 12:46:55'),
(1403, 102, 15, 9, 2, '2016-11-15 12:46:55', '2016-11-15 12:46:55'),
(1404, 102, 15, 10, 3, '2016-11-15 12:46:55', '2016-11-15 12:46:55'),
(1405, 102, 15, 11, 4, '2016-11-15 12:46:55', '2016-11-15 12:46:55'),
(1406, 102, 15, 12, 5, '2016-11-15 12:46:55', '2016-11-15 12:46:55'),
(1407, 102, 15, 13, 4, '2016-11-15 12:46:55', '2016-11-15 12:46:55'),
(1408, 102, 15, 14, 3, '2016-11-15 12:46:55', '2016-11-15 12:46:55'),
(1409, 102, 15, 15, 3, '2016-11-15 12:46:55', '2016-11-15 12:46:55'),
(1410, 102, 15, 16, 4, '2016-11-15 12:46:55', '2016-11-15 12:46:55'),
(1411, 102, 15, 17, 5, '2016-11-15 12:46:55', '2016-11-15 12:46:55'),
(1412, 102, 15, 18, 4, '2016-11-15 12:46:55', '2016-11-15 12:46:55'),
(1413, 102, 15, 19, 3, '2016-11-15 12:46:55', '2016-11-15 12:46:55'),
(1414, 102, 15, 20, 3, '2016-11-15 12:46:55', '2016-11-15 12:46:55'),
(1415, 102, 15, 21, 4, '2016-11-15 12:46:55', '2016-11-15 12:46:55'),
(1416, 102, 15, 22, 5, '2016-11-15 12:46:55', '2016-11-15 12:46:55'),
(1417, 102, 15, 23, 4, '2016-11-15 12:46:55', '2016-11-15 12:46:55'),
(1418, 102, 15, 24, 3, '2016-11-15 12:46:55', '2016-11-15 12:46:55'),
(1419, 102, 15, 25, 3, '2016-11-15 12:46:55', '2016-11-15 12:46:55'),
(1420, 102, 15, 26, 3, '2016-11-15 12:46:55', '2016-11-15 12:46:55'),
(1421, 102, 15, 27, 4, '2016-11-15 12:46:55', '2016-11-15 12:46:55'),
(1422, 102, 15, 28, 5, '2016-11-15 12:46:55', '2016-11-15 12:46:55'),
(1423, 102, 15, 29, 4, '2016-11-15 12:46:55', '2016-11-15 12:46:55'),
(1424, 102, 15, 30, 3, '2016-11-15 12:46:55', '2016-11-15 12:46:55'),
(1425, 102, 15, 31, 3, '2016-11-15 12:46:55', '2016-11-15 12:46:55'),
(1426, 102, 15, 32, 4, '2016-11-15 12:46:55', '2016-11-15 12:46:55'),
(1427, 102, 15, 33, 5, '2016-11-15 12:46:55', '2016-11-15 12:46:55'),
(1428, 102, 15, 34, 5, '2016-11-15 12:46:55', '2016-11-15 12:46:55'),
(1429, 102, 16, 1, 3, '2016-11-15 12:49:24', '2016-11-15 12:49:24'),
(1430, 102, 16, 2, 4, '2016-11-15 12:49:24', '2016-11-15 12:49:24'),
(1431, 102, 16, 3, 4, '2016-11-15 12:49:24', '2016-11-15 12:49:24'),
(1432, 102, 16, 4, 3, '2016-11-15 12:49:24', '2016-11-15 12:49:24'),
(1433, 102, 16, 5, 4, '2016-11-15 12:49:24', '2016-11-15 12:49:24'),
(1434, 102, 16, 6, 3, '2016-11-15 12:49:24', '2016-11-15 12:49:24'),
(1435, 102, 16, 7, 4, '2016-11-15 12:49:24', '2016-11-15 12:49:24'),
(1436, 102, 16, 8, 4, '2016-11-15 12:49:24', '2016-11-15 12:49:24'),
(1437, 102, 16, 9, 5, '2016-11-15 12:49:24', '2016-11-15 12:49:24'),
(1438, 102, 16, 10, 4, '2016-11-15 12:49:24', '2016-11-15 12:49:24'),
(1439, 102, 16, 11, 4, '2016-11-15 12:49:24', '2016-11-15 12:49:24'),
(1440, 102, 16, 12, 3, '2016-11-15 12:49:24', '2016-11-15 12:49:24'),
(1441, 102, 16, 13, 4, '2016-11-15 12:49:24', '2016-11-15 12:49:24'),
(1442, 102, 16, 14, 5, '2016-11-15 12:49:24', '2016-11-15 12:49:24'),
(1443, 102, 16, 15, 5, '2016-11-15 12:49:24', '2016-11-15 12:49:24'),
(1444, 102, 16, 16, 4, '2016-11-15 12:49:24', '2016-11-15 12:49:24'),
(1445, 102, 16, 17, 3, '2016-11-15 12:49:24', '2016-11-15 12:49:24'),
(1446, 102, 16, 18, 4, '2016-11-15 12:49:24', '2016-11-15 12:49:24'),
(1447, 102, 16, 19, 5, '2016-11-15 12:49:24', '2016-11-15 12:49:24'),
(1448, 102, 16, 20, 4, '2016-11-15 12:49:24', '2016-11-15 12:49:24'),
(1449, 102, 16, 21, 4, '2016-11-15 12:49:24', '2016-11-15 12:49:24'),
(1450, 102, 16, 22, 5, '2016-11-15 12:49:24', '2016-11-15 12:49:24'),
(1451, 102, 16, 23, 4, '2016-11-15 12:49:24', '2016-11-15 12:49:24'),
(1452, 102, 16, 24, 3, '2016-11-15 12:49:24', '2016-11-15 12:49:24'),
(1453, 102, 16, 25, 4, '2016-11-15 12:49:24', '2016-11-15 12:49:24'),
(1454, 102, 16, 26, 5, '2016-11-15 12:49:24', '2016-11-15 12:49:24'),
(1455, 102, 16, 27, 4, '2016-11-15 12:49:24', '2016-11-15 12:49:24'),
(1456, 102, 16, 28, 4, '2016-11-15 12:49:24', '2016-11-15 12:49:24'),
(1457, 102, 16, 29, 3, '2016-11-15 12:49:24', '2016-11-15 12:49:24'),
(1458, 102, 16, 30, 4, '2016-11-15 12:49:24', '2016-11-15 12:49:24'),
(1459, 102, 16, 31, 5, '2016-11-15 12:49:24', '2016-11-15 12:49:24'),
(1460, 102, 16, 32, 5, '2016-11-15 12:49:24', '2016-11-15 12:49:24'),
(1461, 102, 16, 33, 4, '2016-11-15 12:49:24', '2016-11-15 12:49:24'),
(1462, 102, 16, 34, 5, '2016-11-15 12:49:24', '2016-11-15 12:49:24'),
(1463, 102, 17, 1, 2, '2016-11-15 12:52:35', '2016-11-15 12:52:35'),
(1464, 102, 17, 2, 3, '2016-11-15 12:52:35', '2016-11-15 12:52:35'),
(1465, 102, 17, 3, 4, '2016-11-15 12:52:35', '2016-11-15 12:52:35'),
(1466, 102, 17, 4, 5, '2016-11-15 12:52:35', '2016-11-15 12:52:35'),
(1467, 102, 17, 5, 4, '2016-11-15 12:52:35', '2016-11-15 12:52:35'),
(1468, 102, 17, 6, 4, '2016-11-15 12:52:35', '2016-11-15 12:52:35'),
(1469, 102, 17, 7, 3, '2016-11-15 12:52:35', '2016-11-15 12:52:35'),
(1470, 102, 17, 8, 4, '2016-11-15 12:52:35', '2016-11-15 12:52:35'),
(1471, 102, 17, 9, 5, '2016-11-15 12:52:35', '2016-11-15 12:52:35'),
(1472, 102, 17, 10, 4, '2016-11-15 12:52:35', '2016-11-15 12:52:35'),
(1473, 102, 17, 11, 3, '2016-11-15 12:52:35', '2016-11-15 12:52:35'),
(1474, 102, 17, 12, 4, '2016-11-15 12:52:35', '2016-11-15 12:52:35'),
(1475, 102, 17, 13, 5, '2016-11-15 12:52:35', '2016-11-15 12:52:35'),
(1476, 102, 17, 14, 4, '2016-11-15 12:52:35', '2016-11-15 12:52:35'),
(1477, 102, 17, 15, 3, '2016-11-15 12:52:35', '2016-11-15 12:52:35'),
(1478, 102, 17, 16, 4, '2016-11-15 12:52:35', '2016-11-15 12:52:35'),
(1479, 102, 17, 17, 5, '2016-11-15 12:52:35', '2016-11-15 12:52:35'),
(1480, 102, 17, 18, 4, '2016-11-15 12:52:35', '2016-11-15 12:52:35'),
(1481, 102, 17, 19, 4, '2016-11-15 12:52:35', '2016-11-15 12:52:35'),
(1482, 102, 17, 20, 5, '2016-11-15 12:52:35', '2016-11-15 12:52:35'),
(1483, 102, 17, 21, 4, '2016-11-15 12:52:35', '2016-11-15 12:52:35'),
(1484, 102, 17, 22, 3, '2016-11-15 12:52:35', '2016-11-15 12:52:35'),
(1485, 102, 17, 23, 4, '2016-11-15 12:52:35', '2016-11-15 12:52:35'),
(1486, 102, 17, 24, 4, '2016-11-15 12:52:35', '2016-11-15 12:52:35'),
(1487, 102, 17, 25, 4, '2016-11-15 12:52:35', '2016-11-15 12:52:35'),
(1488, 102, 17, 26, 5, '2016-11-15 12:52:35', '2016-11-15 12:52:35'),
(1489, 102, 17, 27, 4, '2016-11-15 12:52:35', '2016-11-15 12:52:35'),
(1490, 102, 17, 28, 4, '2016-11-15 12:52:35', '2016-11-15 12:52:35'),
(1491, 102, 17, 29, 3, '2016-11-15 12:52:35', '2016-11-15 12:52:35'),
(1492, 102, 17, 30, 4, '2016-11-15 12:52:35', '2016-11-15 12:52:35'),
(1493, 102, 17, 31, 4, '2016-11-15 12:52:35', '2016-11-15 12:52:35'),
(1494, 102, 17, 32, 5, '2016-11-15 12:52:35', '2016-11-15 12:52:35'),
(1495, 102, 17, 33, 4, '2016-11-15 12:52:35', '2016-11-15 12:52:35'),
(1496, 102, 17, 34, 5, '2016-11-15 12:52:35', '2016-11-15 12:52:35'),
(1497, 102, 18, 1, 4, '2016-11-15 12:58:26', '2016-11-15 12:58:26'),
(1498, 102, 18, 2, 4, '2016-11-15 12:58:26', '2016-11-15 12:58:26'),
(1499, 102, 18, 3, 4, '2016-11-15 12:58:26', '2016-11-15 12:58:26'),
(1500, 102, 18, 4, 5, '2016-11-15 12:58:26', '2016-11-15 12:58:26'),
(1501, 102, 18, 5, 4, '2016-11-15 12:58:26', '2016-11-15 12:58:26'),
(1502, 102, 18, 6, 4, '2016-11-15 12:58:26', '2016-11-15 12:58:26'),
(1503, 102, 18, 7, 5, '2016-11-15 12:58:26', '2016-11-15 12:58:26'),
(1504, 102, 18, 8, 5, '2016-11-15 12:58:26', '2016-11-15 12:58:26'),
(1505, 102, 18, 9, 4, '2016-11-15 12:58:26', '2016-11-15 12:58:26'),
(1506, 102, 18, 10, 4, '2016-11-15 12:58:26', '2016-11-15 12:58:26'),
(1507, 102, 18, 11, 5, '2016-11-15 12:58:26', '2016-11-15 12:58:26'),
(1508, 102, 18, 12, 4, '2016-11-15 12:58:26', '2016-11-15 12:58:26'),
(1509, 102, 18, 13, 4, '2016-11-15 12:58:26', '2016-11-15 12:58:26'),
(1510, 102, 18, 14, 5, '2016-11-15 12:58:26', '2016-11-15 12:58:26'),
(1511, 102, 18, 15, 4, '2016-11-15 12:58:26', '2016-11-15 12:58:26'),
(1512, 102, 18, 16, 5, '2016-11-15 12:58:26', '2016-11-15 12:58:26'),
(1513, 102, 18, 17, 4, '2016-11-15 12:58:26', '2016-11-15 12:58:26'),
(1514, 102, 18, 18, 5, '2016-11-15 12:58:26', '2016-11-15 12:58:26'),
(1515, 102, 18, 19, 4, '2016-11-15 12:58:26', '2016-11-15 12:58:26'),
(1516, 102, 18, 20, 5, '2016-11-15 12:58:26', '2016-11-15 12:58:26'),
(1517, 102, 18, 21, 4, '2016-11-15 12:58:26', '2016-11-15 12:58:26'),
(1518, 102, 18, 22, 4, '2016-11-15 12:58:26', '2016-11-15 12:58:26'),
(1519, 102, 18, 23, 5, '2016-11-15 12:58:26', '2016-11-15 12:58:26'),
(1520, 102, 18, 24, 5, '2016-11-15 12:58:26', '2016-11-15 12:58:26'),
(1521, 102, 18, 25, 4, '2016-11-15 12:58:26', '2016-11-15 12:58:26'),
(1522, 102, 18, 26, 4, '2016-11-15 12:58:26', '2016-11-15 12:58:26'),
(1523, 102, 18, 27, 5, '2016-11-15 12:58:26', '2016-11-15 12:58:26'),
(1524, 102, 18, 28, 5, '2016-11-15 12:58:26', '2016-11-15 12:58:26'),
(1525, 102, 18, 29, 5, '2016-11-15 12:58:26', '2016-11-15 12:58:26'),
(1526, 102, 18, 30, 4, '2016-11-15 12:58:26', '2016-11-15 12:58:26'),
(1527, 102, 18, 31, 5, '2016-11-15 12:58:26', '2016-11-15 12:58:26'),
(1528, 102, 18, 32, 5, '2016-11-15 12:58:26', '2016-11-15 12:58:26'),
(1529, 102, 18, 33, 5, '2016-11-15 12:58:26', '2016-11-15 12:58:26'),
(1530, 102, 18, 34, 5, '2016-11-15 12:58:26', '2016-11-15 12:58:26'),
(1531, 102, 19, 1, 3, '2016-11-15 13:02:18', '2016-11-15 13:02:18'),
(1532, 102, 19, 2, 4, '2016-11-15 13:02:18', '2016-11-15 13:02:18'),
(1533, 102, 19, 3, 4, '2016-11-15 13:02:18', '2016-11-15 13:02:18'),
(1534, 102, 19, 4, 4, '2016-11-15 13:02:18', '2016-11-15 13:02:18'),
(1535, 102, 19, 5, 5, '2016-11-15 13:02:18', '2016-11-15 13:02:18'),
(1536, 102, 19, 6, 4, '2016-11-15 13:02:18', '2016-11-15 13:02:18'),
(1537, 102, 19, 7, 4, '2016-11-15 13:02:18', '2016-11-15 13:02:18'),
(1538, 102, 19, 8, 3, '2016-11-15 13:02:18', '2016-11-15 13:02:18'),
(1539, 102, 19, 9, 4, '2016-11-15 13:02:18', '2016-11-15 13:02:18'),
(1540, 102, 19, 10, 5, '2016-11-15 13:02:18', '2016-11-15 13:02:18'),
(1541, 102, 19, 11, 4, '2016-11-15 13:02:18', '2016-11-15 13:02:18'),
(1542, 102, 19, 12, 4, '2016-11-15 13:02:18', '2016-11-15 13:02:18'),
(1543, 102, 19, 13, 3, '2016-11-15 13:02:18', '2016-11-15 13:02:18'),
(1544, 102, 19, 14, 4, '2016-11-15 13:02:18', '2016-11-15 13:02:18'),
(1545, 102, 19, 15, 5, '2016-11-15 13:02:18', '2016-11-15 13:02:18'),
(1546, 102, 19, 16, 4, '2016-11-15 13:02:18', '2016-11-15 13:02:18'),
(1547, 102, 19, 17, 3, '2016-11-15 13:02:18', '2016-11-15 13:02:18'),
(1548, 102, 19, 18, 4, '2016-11-15 13:02:18', '2016-11-15 13:02:18'),
(1549, 102, 19, 19, 5, '2016-11-15 13:02:18', '2016-11-15 13:02:18'),
(1550, 102, 19, 20, 5, '2016-11-15 13:02:18', '2016-11-15 13:02:18'),
(1551, 102, 19, 21, 4, '2016-11-15 13:02:18', '2016-11-15 13:02:18'),
(1552, 102, 19, 22, 3, '2016-11-15 13:02:18', '2016-11-15 13:02:18'),
(1553, 102, 19, 23, 4, '2016-11-15 13:02:18', '2016-11-15 13:02:18'),
(1554, 102, 19, 24, 5, '2016-11-15 13:02:18', '2016-11-15 13:02:18'),
(1555, 102, 19, 25, 4, '2016-11-15 13:02:18', '2016-11-15 13:02:18'),
(1556, 102, 19, 26, 3, '2016-11-15 13:02:18', '2016-11-15 13:02:18'),
(1557, 102, 19, 27, 4, '2016-11-15 13:02:18', '2016-11-15 13:02:18'),
(1558, 102, 19, 28, 4, '2016-11-15 13:02:18', '2016-11-15 13:02:18'),
(1559, 102, 19, 29, 4, '2016-11-15 13:02:18', '2016-11-15 13:02:18'),
(1560, 102, 19, 30, 5, '2016-11-15 13:02:18', '2016-11-15 13:02:18'),
(1561, 102, 19, 31, 4, '2016-11-15 13:02:18', '2016-11-15 13:02:18'),
(1562, 102, 19, 32, 3, '2016-11-15 13:02:18', '2016-11-15 13:02:18'),
(1563, 102, 19, 33, 4, '2016-11-15 13:02:18', '2016-11-15 13:02:18'),
(1564, 102, 19, 34, 5, '2016-11-15 13:02:18', '2016-11-15 13:02:18'),
(1565, 109, 3, 1, 4, '2016-12-01 10:09:04', '2016-12-01 10:09:04'),
(1566, 109, 3, 2, 5, '2016-12-01 10:09:04', '2016-12-01 10:09:04'),
(1567, 109, 3, 3, 4, '2016-12-01 10:09:04', '2016-12-01 10:09:04'),
(1568, 109, 3, 4, 4, '2016-12-01 10:09:04', '2016-12-01 10:09:04'),
(1569, 109, 3, 5, 4, '2016-12-01 10:09:04', '2016-12-01 10:09:04'),
(1570, 109, 3, 6, 4, '2016-12-01 10:09:04', '2016-12-01 10:09:04'),
(1571, 109, 3, 7, 5, '2016-12-01 10:09:04', '2016-12-01 10:09:04'),
(1572, 109, 3, 8, 4, '2016-12-01 10:09:04', '2016-12-01 10:09:04'),
(1573, 109, 3, 9, 4, '2016-12-01 10:09:04', '2016-12-01 10:09:04'),
(1574, 109, 3, 10, 4, '2016-12-01 10:09:04', '2016-12-01 10:09:04'),
(1575, 109, 3, 11, 5, '2016-12-01 10:09:04', '2016-12-01 10:09:04'),
(1576, 109, 3, 12, 5, '2016-12-01 10:09:04', '2016-12-01 10:09:04'),
(1577, 109, 3, 13, 5, '2016-12-01 10:09:04', '2016-12-01 10:09:04'),
(1578, 109, 3, 14, 4, '2016-12-01 10:09:04', '2016-12-01 10:09:04'),
(1579, 109, 3, 15, 4, '2016-12-01 10:09:04', '2016-12-01 10:09:04'),
(1580, 109, 3, 16, 4, '2016-12-01 10:09:04', '2016-12-01 10:09:04'),
(1581, 109, 3, 17, 5, '2016-12-01 10:09:04', '2016-12-01 10:09:04'),
(1582, 109, 3, 18, 4, '2016-12-01 10:09:04', '2016-12-01 10:09:04'),
(1583, 109, 3, 19, 4, '2016-12-01 10:09:04', '2016-12-01 10:09:04'),
(1584, 109, 3, 20, 5, '2016-12-01 10:09:04', '2016-12-01 10:09:04'),
(1585, 109, 3, 21, 5, '2016-12-01 10:09:04', '2016-12-01 10:09:04'),
(1586, 109, 3, 22, 4, '2016-12-01 10:09:04', '2016-12-01 10:09:04'),
(1587, 109, 3, 23, 5, '2016-12-01 10:09:04', '2016-12-01 10:09:04'),
(1588, 109, 3, 24, 4, '2016-12-01 10:09:04', '2016-12-01 10:09:04'),
(1589, 109, 3, 25, 4, '2016-12-01 10:09:04', '2016-12-01 10:09:04'),
(1590, 109, 3, 26, 4, '2016-12-01 10:09:04', '2016-12-01 10:09:04'),
(1591, 109, 3, 27, 4, '2016-12-01 10:09:04', '2016-12-01 10:09:04'),
(1592, 109, 3, 28, 4, '2016-12-01 10:09:04', '2016-12-01 10:09:04'),
(1593, 109, 3, 29, 4, '2016-12-01 10:09:04', '2016-12-01 10:09:04'),
(1594, 109, 3, 30, 5, '2016-12-01 10:09:04', '2016-12-01 10:09:04'),
(1595, 109, 3, 31, 4, '2016-12-01 10:09:04', '2016-12-01 10:09:04'),
(1596, 109, 3, 32, 5, '2016-12-01 10:09:04', '2016-12-01 10:09:04'),
(1597, 109, 3, 33, 4, '2016-12-01 10:09:04', '2016-12-01 10:09:04'),
(1598, 109, 3, 34, 4, '2016-12-01 10:09:04', '2016-12-01 10:09:04'),
(1599, 109, 2, 1, 4, '2016-12-01 10:10:35', '2016-12-01 10:10:35'),
(1600, 109, 2, 2, 5, '2016-12-01 10:10:35', '2016-12-01 10:10:35'),
(1601, 109, 2, 3, 5, '2016-12-01 10:10:35', '2016-12-01 10:10:35'),
(1602, 109, 2, 4, 5, '2016-12-01 10:10:35', '2016-12-01 10:10:35'),
(1603, 109, 2, 5, 5, '2016-12-01 10:10:35', '2016-12-01 10:10:35'),
(1604, 109, 2, 6, 4, '2016-12-01 10:10:35', '2016-12-01 10:10:35'),
(1605, 109, 2, 7, 4, '2016-12-01 10:10:35', '2016-12-01 10:10:35'),
(1606, 109, 2, 8, 4, '2016-12-01 10:10:35', '2016-12-01 10:10:35'),
(1607, 109, 2, 9, 5, '2016-12-01 10:10:35', '2016-12-01 10:10:35'),
(1608, 109, 2, 10, 5, '2016-12-01 10:10:35', '2016-12-01 10:10:35'),
(1609, 109, 2, 11, 4, '2016-12-01 10:10:35', '2016-12-01 10:10:35'),
(1610, 109, 2, 12, 5, '2016-12-01 10:10:35', '2016-12-01 10:10:35'),
(1611, 109, 2, 13, 4, '2016-12-01 10:10:35', '2016-12-01 10:10:35'),
(1612, 109, 2, 14, 5, '2016-12-01 10:10:35', '2016-12-01 10:10:35'),
(1613, 109, 2, 15, 5, '2016-12-01 10:10:35', '2016-12-01 10:10:35'),
(1614, 109, 2, 16, 4, '2016-12-01 10:10:35', '2016-12-01 10:10:35'),
(1615, 109, 2, 17, 5, '2016-12-01 10:10:35', '2016-12-01 10:10:35'),
(1616, 109, 2, 18, 4, '2016-12-01 10:10:35', '2016-12-01 10:10:35'),
(1617, 109, 2, 19, 5, '2016-12-01 10:10:35', '2016-12-01 10:10:35'),
(1618, 109, 2, 20, 4, '2016-12-01 10:10:35', '2016-12-01 10:10:35'),
(1619, 109, 2, 21, 4, '2016-12-01 10:10:35', '2016-12-01 10:10:35'),
(1620, 109, 2, 22, 4, '2016-12-01 10:10:35', '2016-12-01 10:10:35'),
(1621, 109, 2, 23, 3, '2016-12-01 10:10:35', '2016-12-01 10:10:35'),
(1622, 109, 2, 24, 5, '2016-12-01 10:10:35', '2016-12-01 10:10:35'),
(1623, 109, 2, 25, 5, '2016-12-01 10:10:35', '2016-12-01 10:10:35'),
(1624, 109, 2, 26, 5, '2016-12-01 10:10:35', '2016-12-01 10:10:35'),
(1625, 109, 2, 27, 4, '2016-12-01 10:10:35', '2016-12-01 10:10:35'),
(1626, 109, 2, 28, 4, '2016-12-01 10:10:35', '2016-12-01 10:10:35'),
(1627, 109, 2, 29, 4, '2016-12-01 10:10:35', '2016-12-01 10:10:35'),
(1628, 109, 2, 30, 4, '2016-12-01 10:10:35', '2016-12-01 10:10:35'),
(1629, 109, 2, 31, 4, '2016-12-01 10:10:35', '2016-12-01 10:10:35'),
(1630, 109, 2, 32, 4, '2016-12-01 10:10:35', '2016-12-01 10:10:35'),
(1631, 109, 2, 33, 5, '2016-12-01 10:10:35', '2016-12-01 10:10:35'),
(1632, 109, 2, 34, 4, '2016-12-01 10:10:35', '2016-12-01 10:10:35'),
(1633, 109, 17, 1, 5, '2016-12-01 10:13:00', '2016-12-01 10:13:00'),
(1634, 109, 17, 2, 5, '2016-12-01 10:13:00', '2016-12-01 10:13:00'),
(1635, 109, 17, 3, 4, '2016-12-01 10:13:00', '2016-12-01 10:13:00'),
(1636, 109, 17, 4, 5, '2016-12-01 10:13:00', '2016-12-01 10:13:00'),
(1637, 109, 17, 5, 4, '2016-12-01 10:13:00', '2016-12-01 10:13:00'),
(1638, 109, 17, 6, 5, '2016-12-01 10:13:00', '2016-12-01 10:13:00'),
(1639, 109, 17, 7, 4, '2016-12-01 10:13:00', '2016-12-01 10:13:00'),
(1640, 109, 17, 8, 4, '2016-12-01 10:13:00', '2016-12-01 10:13:00'),
(1641, 109, 17, 9, 4, '2016-12-01 10:13:00', '2016-12-01 10:13:00'),
(1642, 109, 17, 10, 5, '2016-12-01 10:13:00', '2016-12-01 10:13:00'),
(1643, 109, 17, 11, 5, '2016-12-01 10:13:00', '2016-12-01 10:13:00'),
(1644, 109, 17, 12, 4, '2016-12-01 10:13:00', '2016-12-01 10:13:00'),
(1645, 109, 17, 13, 5, '2016-12-01 10:13:00', '2016-12-01 10:13:00'),
(1646, 109, 17, 14, 4, '2016-12-01 10:13:00', '2016-12-01 10:13:00'),
(1647, 109, 17, 15, 5, '2016-12-01 10:13:00', '2016-12-01 10:13:00'),
(1648, 109, 17, 16, 4, '2016-12-01 10:13:00', '2016-12-01 10:13:00'),
(1649, 109, 17, 17, 3, '2016-12-01 10:13:00', '2016-12-01 10:13:00'),
(1650, 109, 17, 18, 2, '2016-12-01 10:13:00', '2016-12-01 10:13:00'),
(1651, 109, 17, 19, 5, '2016-12-01 10:13:00', '2016-12-01 10:13:00'),
(1652, 109, 17, 20, 5, '2016-12-01 10:13:00', '2016-12-01 10:13:00'),
(1653, 109, 17, 21, 5, '2016-12-01 10:13:00', '2016-12-01 10:13:00'),
(1654, 109, 17, 22, 4, '2016-12-01 10:13:00', '2016-12-01 10:13:00'),
(1655, 109, 17, 23, 5, '2016-12-01 10:13:00', '2016-12-01 10:13:00'),
(1656, 109, 17, 24, 5, '2016-12-01 10:13:00', '2016-12-01 10:13:00'),
(1657, 109, 17, 25, 5, '2016-12-01 10:13:00', '2016-12-01 10:13:00'),
(1658, 109, 17, 26, 4, '2016-12-01 10:13:00', '2016-12-01 10:13:00'),
(1659, 109, 17, 27, 4, '2016-12-01 10:13:00', '2016-12-01 10:13:00'),
(1660, 109, 17, 28, 4, '2016-12-01 10:13:00', '2016-12-01 10:13:00'),
(1661, 109, 17, 29, 5, '2016-12-01 10:13:00', '2016-12-01 10:13:00'),
(1662, 109, 17, 30, 5, '2016-12-01 10:13:00', '2016-12-01 10:13:00'),
(1663, 109, 17, 31, 4, '2016-12-01 10:13:00', '2016-12-01 10:13:00'),
(1664, 109, 17, 32, 4, '2016-12-01 10:13:00', '2016-12-01 10:13:00'),
(1665, 109, 17, 33, 5, '2016-12-01 10:13:00', '2016-12-01 10:13:00'),
(1666, 109, 17, 34, 5, '2016-12-01 10:13:00', '2016-12-01 10:13:00'),
(1667, 111, 3, 1, 5, '2016-12-01 12:47:00', '2016-12-01 12:47:00'),
(1668, 111, 3, 2, 5, '2016-12-01 12:47:00', '2016-12-01 12:47:00'),
(1669, 111, 3, 3, 4, '2016-12-01 12:47:00', '2016-12-01 12:47:00'),
(1670, 111, 3, 4, 4, '2016-12-01 12:47:00', '2016-12-01 12:47:00'),
(1671, 111, 3, 5, 5, '2016-12-01 12:47:00', '2016-12-01 12:47:00'),
(1672, 111, 3, 6, 4, '2016-12-01 12:47:00', '2016-12-01 12:47:00'),
(1673, 111, 3, 7, 4, '2016-12-01 12:47:00', '2016-12-01 12:47:00'),
(1674, 111, 3, 8, 4, '2016-12-01 12:47:00', '2016-12-01 12:47:00'),
(1675, 111, 3, 9, 4, '2016-12-01 12:47:00', '2016-12-01 12:47:00'),
(1676, 111, 3, 10, 4, '2016-12-01 12:47:00', '2016-12-01 12:47:00'),
(1677, 111, 3, 11, 5, '2016-12-01 12:47:00', '2016-12-01 12:47:00'),
(1678, 111, 3, 12, 4, '2016-12-01 12:47:00', '2016-12-01 12:47:00'),
(1679, 111, 3, 13, 2, '2016-12-01 12:47:00', '2016-12-01 12:47:00'),
(1680, 111, 3, 14, 4, '2016-12-01 12:47:00', '2016-12-01 12:47:00'),
(1681, 111, 3, 15, 5, '2016-12-01 12:47:00', '2016-12-01 12:47:00'),
(1682, 111, 3, 16, 5, '2016-12-01 12:47:00', '2016-12-01 12:47:00'),
(1683, 111, 3, 17, 5, '2016-12-01 12:47:00', '2016-12-01 12:47:00'),
(1684, 111, 3, 18, 5, '2016-12-01 12:47:00', '2016-12-01 12:47:00'),
(1685, 111, 3, 19, 3, '2016-12-01 12:47:00', '2016-12-01 12:47:00'),
(1686, 111, 3, 20, 4, '2016-12-01 12:47:00', '2016-12-01 12:47:00'),
(1687, 111, 3, 21, 4, '2016-12-01 12:47:00', '2016-12-01 12:47:00'),
(1688, 111, 3, 22, 3, '2016-12-01 12:47:00', '2016-12-01 12:47:00'),
(1689, 111, 3, 23, 5, '2016-12-01 12:47:00', '2016-12-01 12:47:00'),
(1690, 111, 3, 24, 4, '2016-12-01 12:47:00', '2016-12-01 12:47:00'),
(1691, 111, 3, 25, 4, '2016-12-01 12:47:00', '2016-12-01 12:47:00'),
(1692, 111, 3, 26, 4, '2016-12-01 12:47:00', '2016-12-01 12:47:00'),
(1693, 111, 3, 27, 4, '2016-12-01 12:47:00', '2016-12-01 12:47:00'),
(1694, 111, 3, 28, 5, '2016-12-01 12:47:00', '2016-12-01 12:47:00'),
(1695, 111, 3, 29, 5, '2016-12-01 12:47:00', '2016-12-01 12:47:00'),
(1696, 111, 3, 30, 4, '2016-12-01 12:47:00', '2016-12-01 12:47:00'),
(1697, 111, 3, 31, 5, '2016-12-01 12:47:00', '2016-12-01 12:47:00'),
(1698, 111, 3, 32, 4, '2016-12-01 12:47:00', '2016-12-01 12:47:00'),
(1699, 111, 3, 33, 4, '2016-12-01 12:47:00', '2016-12-01 12:47:00'),
(1700, 111, 3, 34, 4, '2016-12-01 12:47:00', '2016-12-01 12:47:00'),
(1701, 111, 17, 1, 5, '2016-12-01 12:48:28', '2016-12-01 12:48:28'),
(1702, 111, 17, 2, 3, '2016-12-01 12:48:28', '2016-12-01 12:48:28'),
(1703, 111, 17, 3, 4, '2016-12-01 12:48:28', '2016-12-01 12:48:28'),
(1704, 111, 17, 4, 5, '2016-12-01 12:48:28', '2016-12-01 12:48:28'),
(1705, 111, 17, 5, 3, '2016-12-01 12:48:28', '2016-12-01 12:48:28'),
(1706, 111, 17, 6, 4, '2016-12-01 12:48:28', '2016-12-01 12:48:28'),
(1707, 111, 17, 7, 4, '2016-12-01 12:48:28', '2016-12-01 12:48:28'),
(1708, 111, 17, 8, 5, '2016-12-01 12:48:28', '2016-12-01 12:48:28'),
(1709, 111, 17, 9, 5, '2016-12-01 12:48:28', '2016-12-01 12:48:28'),
(1710, 111, 17, 10, 5, '2016-12-01 12:48:28', '2016-12-01 12:48:28'),
(1711, 111, 17, 11, 5, '2016-12-01 12:48:28', '2016-12-01 12:48:28'),
(1712, 111, 17, 12, 4, '2016-12-01 12:48:28', '2016-12-01 12:48:28'),
(1713, 111, 17, 13, 5, '2016-12-01 12:48:28', '2016-12-01 12:48:28'),
(1714, 111, 17, 14, 4, '2016-12-01 12:48:28', '2016-12-01 12:48:28'),
(1715, 111, 17, 15, 5, '2016-12-01 12:48:28', '2016-12-01 12:48:28'),
(1716, 111, 17, 16, 4, '2016-12-01 12:48:28', '2016-12-01 12:48:28'),
(1717, 111, 17, 17, 3, '2016-12-01 12:48:28', '2016-12-01 12:48:28'),
(1718, 111, 17, 18, 5, '2016-12-01 12:48:28', '2016-12-01 12:48:28'),
(1719, 111, 17, 19, 4, '2016-12-01 12:48:28', '2016-12-01 12:48:28'),
(1720, 111, 17, 20, 3, '2016-12-01 12:48:28', '2016-12-01 12:48:28'),
(1721, 111, 17, 21, 4, '2016-12-01 12:48:28', '2016-12-01 12:48:28'),
(1722, 111, 17, 22, 4, '2016-12-01 12:48:28', '2016-12-01 12:48:28'),
(1723, 111, 17, 23, 4, '2016-12-01 12:48:28', '2016-12-01 12:48:28'),
(1724, 111, 17, 24, 4, '2016-12-01 12:48:28', '2016-12-01 12:48:28'),
(1725, 111, 17, 25, 4, '2016-12-01 12:48:28', '2016-12-01 12:48:28'),
(1726, 111, 17, 26, 4, '2016-12-01 12:48:28', '2016-12-01 12:48:28'),
(1727, 111, 17, 27, 3, '2016-12-01 12:48:28', '2016-12-01 12:48:28'),
(1728, 111, 17, 28, 4, '2016-12-01 12:48:28', '2016-12-01 12:48:28'),
(1729, 111, 17, 29, 5, '2016-12-01 12:48:28', '2016-12-01 12:48:28'),
(1730, 111, 17, 30, 3, '2016-12-01 12:48:28', '2016-12-01 12:48:28'),
(1731, 111, 17, 31, 5, '2016-12-01 12:48:28', '2016-12-01 12:48:28'),
(1732, 111, 17, 32, 4, '2016-12-01 12:48:28', '2016-12-01 12:48:28'),
(1733, 111, 17, 33, 3, '2016-12-01 12:48:28', '2016-12-01 12:48:28'),
(1734, 111, 17, 34, 3, '2016-12-01 12:48:28', '2016-12-01 12:48:28'),
(1735, 111, 18, 1, 1, '2016-12-01 12:49:49', '2016-12-01 12:49:49'),
(1736, 111, 18, 2, 5, '2016-12-01 12:49:49', '2016-12-01 12:49:49'),
(1737, 111, 18, 3, 5, '2016-12-01 12:49:49', '2016-12-01 12:49:49'),
(1738, 111, 18, 4, 5, '2016-12-01 12:49:49', '2016-12-01 12:49:49'),
(1739, 111, 18, 5, 3, '2016-12-01 12:49:49', '2016-12-01 12:49:49'),
(1740, 111, 18, 6, 4, '2016-12-01 12:49:49', '2016-12-01 12:49:49'),
(1741, 111, 18, 7, 3, '2016-12-01 12:49:49', '2016-12-01 12:49:49'),
(1742, 111, 18, 8, 4, '2016-12-01 12:49:49', '2016-12-01 12:49:49'),
(1743, 111, 18, 9, 5, '2016-12-01 12:49:49', '2016-12-01 12:49:49'),
(1744, 111, 18, 10, 4, '2016-12-01 12:49:49', '2016-12-01 12:49:49'),
(1745, 111, 18, 11, 4, '2016-12-01 12:49:49', '2016-12-01 12:49:49'),
(1746, 111, 18, 12, 5, '2016-12-01 12:49:49', '2016-12-01 12:49:49'),
(1747, 111, 18, 13, 5, '2016-12-01 12:49:49', '2016-12-01 12:49:49'),
(1748, 111, 18, 14, 5, '2016-12-01 12:49:49', '2016-12-01 12:49:49'),
(1749, 111, 18, 15, 4, '2016-12-01 12:49:49', '2016-12-01 12:49:49'),
(1750, 111, 18, 16, 4, '2016-12-01 12:49:49', '2016-12-01 12:49:49'),
(1751, 111, 18, 17, 3, '2016-12-01 12:49:49', '2016-12-01 12:49:49'),
(1752, 111, 18, 18, 3, '2016-12-01 12:49:49', '2016-12-01 12:49:49'),
(1753, 111, 18, 19, 3, '2016-12-01 12:49:49', '2016-12-01 12:49:49'),
(1754, 111, 18, 20, 5, '2016-12-01 12:49:49', '2016-12-01 12:49:49'),
(1755, 111, 18, 21, 2, '2016-12-01 12:49:49', '2016-12-01 12:49:49'),
(1756, 111, 18, 22, 4, '2016-12-01 12:49:49', '2016-12-01 12:49:49'),
(1757, 111, 18, 23, 4, '2016-12-01 12:49:49', '2016-12-01 12:49:49'),
(1758, 111, 18, 24, 5, '2016-12-01 12:49:49', '2016-12-01 12:49:49'),
(1759, 111, 18, 25, 5, '2016-12-01 12:49:49', '2016-12-01 12:49:49'),
(1760, 111, 18, 26, 4, '2016-12-01 12:49:49', '2016-12-01 12:49:49'),
(1761, 111, 18, 27, 4, '2016-12-01 12:49:49', '2016-12-01 12:49:49'),
(1762, 111, 18, 28, 5, '2016-12-01 12:49:49', '2016-12-01 12:49:49'),
(1763, 111, 18, 29, 5, '2016-12-01 12:49:49', '2016-12-01 12:49:49'),
(1764, 111, 18, 30, 5, '2016-12-01 12:49:49', '2016-12-01 12:49:49'),
(1765, 111, 18, 31, 3, '2016-12-01 12:49:49', '2016-12-01 12:49:49'),
(1766, 111, 18, 32, 3, '2016-12-01 12:49:49', '2016-12-01 12:49:49'),
(1767, 111, 18, 33, 5, '2016-12-01 12:49:49', '2016-12-01 12:49:49'),
(1768, 111, 18, 34, 3, '2016-12-01 12:49:49', '2016-12-01 12:49:49');

-- --------------------------------------------------------

--
-- Table structure for table `roles`
--

CREATE TABLE `roles` (
  `id` int(10) UNSIGNED NOT NULL,
  `name` varchar(255) COLLATE utf8_unicode_ci NOT NULL,
  `display_name` varchar(255) COLLATE utf8_unicode_ci DEFAULT NULL,
  `description` varchar(255) COLLATE utf8_unicode_ci DEFAULT NULL
) ENGINE=InnoDB DEFAULT CHARSET=utf8 COLLATE=utf8_unicode_ci;

--
-- Dumping data for table `roles`
--

INSERT INTO `roles` (`id`, `name`, `display_name`, `description`) VALUES
(1, 'admin', 'admin', 'An Admin role.'),
(2, 'special', 'special', 'Special user role.'),
(3, 'basic', 'basic', 'basic user role.');

-- --------------------------------------------------------

--
-- Table structure for table `role_user`
--

CREATE TABLE `role_user` (
  `user_id` int(10) UNSIGNED NOT NULL,
  `role_id` int(10) UNSIGNED NOT NULL
) ENGINE=InnoDB DEFAULT CHARSET=utf8 COLLATE=utf8_unicode_ci;

--
-- Dumping data for table `role_user`
--

INSERT INTO `role_user` (`user_id`, `role_id`) VALUES
(1, 1),
(2, 2),
(3, 3),
(15, 3),
(16, 3),
(17, 3),
(18, 3),
(19, 3),
(20, 3),
(21, 3),
(22, 3),
(23, 3),
(27, 1),
(28, 1);

-- --------------------------------------------------------

--
-- Table structure for table `surveys`
--

CREATE TABLE `surveys` (
  `id` int(10) UNSIGNED NOT NULL,
  `user_id` int(10) UNSIGNED NOT NULL,
  `type_id` int(10) UNSIGNED NOT NULL,
  `company_id` int(10) UNSIGNED NOT NULL,
  `category_id` int(10) UNSIGNED NOT NULL,
  `user_group_id` int(10) UNSIGNED DEFAULT NULL,
  `title` varchar(255) COLLATE utf8_unicode_ci NOT NULL,
  `description` text COLLATE utf8_unicode_ci NOT NULL,
  `number_of_evaluators` int(11) DEFAULT '0',
  `end_message` text COLLATE utf8_unicode_ci NOT NULL,
  `start_time` varchar(255) COLLATE utf8_unicode_ci NOT NULL,
  `end_time` varchar(255) COLLATE utf8_unicode_ci NOT NULL,
  `created_at` timestamp NULL DEFAULT NULL,
  `updated_at` timestamp NULL DEFAULT NULL
) ENGINE=InnoDB DEFAULT CHARSET=utf8 COLLATE=utf8_unicode_ci;

--
-- Dumping data for table `surveys`
--

INSERT INTO `surveys` (`id`, `user_id`, `type_id`, `company_id`, `category_id`, `user_group_id`, `title`, `description`, `number_of_evaluators`, `end_message`, `start_time`, `end_time`, `created_at`, `updated_at`) VALUES
(101, 1, 2, 1, 1, NULL, 'peer survey company scoped test 1', '<p>peer survey</p>\r\n', 5, '<p>thank you</p>\r\n', '2016-11-15 12:00:00', '2016-11-25 18:59:00', '2016-11-15 09:55:59', '2016-11-19 12:38:49'),
(102, 2, 1, 1, 2, 19, 'self survey group scoped test 1', '<p>self survey</p>\r\n', NULL, '<p>thank you</p>\r\n', '2016-11-15 14:00:00', '2016-11-25 18:59:00', '2016-11-15 12:38:46', '2016-11-15 12:38:46'),
(103, 2, 2, 1, 2, 19, 'peer survey group scoped test 1', '<p>peer survey</p>\r\n', 5, '<p>thank youuuu</p>\r\n', '2016-11-15 14:00:00', '2016-11-25 18:59:00', '2016-11-15 12:40:59', '2016-11-15 12:40:59'),
(106, 1, 1, 1, 1, NULL, 'self survey company scoped test 2', '<p>self survey</p>\r\n', NULL, '<p>Thank you</p>\r\n', '2016-11-19 15:00:00', '2016-11-29 23:59:00', '2016-11-19 12:40:14', '2016-11-19 12:40:14'),
(107, 2, 2, 1, 2, 19, 'Test group scope peer survey 1', '<p>peer&nbsp;</p>\r\n', 5, '<p>thank you</p>\r\n', '2016-11-21 14:00:00', '2016-11-30 23:59:00', '2016-11-21 11:52:07', '2016-11-21 11:52:07'),
(108, 2, 2, 1, 2, 19, 'Test group scope peer survey 2', '<p>peer survey</p>\r\n', 5, '<p>thank you</p>\r\n', '2016-11-21 14:00:00', '2016-11-30 23:59:00', '2016-11-21 11:53:54', '2016-11-21 11:53:54'),
(109, 1, 1, 1, 1, NULL, 'self survey company scoped test 5', '<p>self survey</p>\r\n', NULL, '<p>thank you</p>\r\n', '2016-12-01 12:00:00', '2016-12-22 23:59:00', '2016-12-01 10:06:29', '2016-12-01 10:06:29'),
(110, 1, 2, 1, 1, NULL, 'peer survey company scoped test 5', '<p>peer survey</p>\r\n', 5, '<p>kiitos</p>\r\n', '2016-12-01 13:00:00', '2016-12-29 23:59:00', '2016-12-01 11:05:34', '2016-12-01 11:05:34'),
(111, 2, 1, 1, 2, 19, 'self survey group scoped test 5', '<p>self survey</p>\r\n', NULL, '<p>thank you</p>\r\n', '2016-12-01 14:00:00', '2016-12-28 23:59:00', '2016-12-01 12:43:42', '2016-12-01 12:43:42'),
(112, 2, 2, 1, 2, 19, 'peer survey group scoped test 5', '<p>self survey group</p>\r\n', 5, '<p>thank you</p>\r\n', '2016-12-01 15:30:00', '2016-12-30 23:59:00', '2016-12-01 13:45:10', '2016-12-01 13:45:10'),
(117, 1, 2, 1, 1, NULL, 'peer survey company scoped test dynamic evaluators', '<p>peer survey</p>\r\n', 7, '<p>thank you</p>\r\n', '2017-01-02 22:00:00', '2017-01-26 23:59:00', '2017-01-02 20:50:11', '2017-01-02 20:50:11'),
(118, 2, 2, 1, 2, 19, 'peer survey group scoped test dynamic evaluators', '<p>peer survey</p>\r\n', 4, '<p>thank you</p>\r\n', '2017-01-02 23:00:00', '2017-01-26 23:59:00', '2017-01-02 21:48:47', '2017-01-02 21:48:47');

-- --------------------------------------------------------

--
-- Table structure for table `survey_categories`
--

CREATE TABLE `survey_categories` (
  `id` int(10) UNSIGNED NOT NULL,
  `name` varchar(255) COLLATE utf8_unicode_ci NOT NULL,
  `created_at` timestamp NULL DEFAULT NULL,
  `updated_at` timestamp NULL DEFAULT NULL
) ENGINE=InnoDB DEFAULT CHARSET=utf8 COLLATE=utf8_unicode_ci;

--
-- Dumping data for table `survey_categories`
--

INSERT INTO `survey_categories` (`id`, `name`, `created_at`, `updated_at`) VALUES
(1, 'Company Survey', '2016-09-04 18:27:04', '2016-09-04 18:27:04'),
(2, 'Group Survey', '2016-09-04 18:27:04', '2016-09-04 18:27:04');

-- --------------------------------------------------------

--
-- Table structure for table `survey_types`
--

CREATE TABLE `survey_types` (
  `id` int(10) UNSIGNED NOT NULL,
  `name` varchar(255) COLLATE utf8_unicode_ci NOT NULL
) ENGINE=InnoDB DEFAULT CHARSET=utf8 COLLATE=utf8_unicode_ci;

--
-- Dumping data for table `survey_types`
--

INSERT INTO `survey_types` (`id`, `name`) VALUES
(2, 'peer survey'),
(1, 'self survey');

-- --------------------------------------------------------

--
-- Table structure for table `users`
--

CREATE TABLE `users` (
  `id` int(10) UNSIGNED NOT NULL,
  `name` varchar(255) COLLATE utf8_unicode_ci NOT NULL,
  `email` varchar(255) COLLATE utf8_unicode_ci NOT NULL,
  `company_id` int(11) NOT NULL,
  `password` varchar(255) COLLATE utf8_unicode_ci NOT NULL,
  `remember_token` varchar(100) COLLATE utf8_unicode_ci DEFAULT NULL,
  `created_at` timestamp NULL DEFAULT NULL,
  `updated_at` timestamp NULL DEFAULT NULL
) ENGINE=InnoDB DEFAULT CHARSET=utf8 COLLATE=utf8_unicode_ci;

--
-- Dumping data for table `users`
--

INSERT INTO `users` (`id`, `name`, `email`, `company_id`, `password`, `remember_token`, `created_at`, `updated_at`) VALUES
(1, 'admin', 'admin@fincoda.com', 1, '$2y$10$aDPsBeCSx/hcyUEa82kXOeBJj6kR.H.6jougBIdWwuGXUIBzcbSw.', 'ladYIa3Up8VApSQRl2zSNossHJUwcfV17Cv1QPiaeBDIZRTgPHJ71bO9pOWa', '2016-09-04 18:24:58', '2017-01-02 21:41:21'),
(2, 'special', 'special@fincoda.com', 1, '$2y$10$XEkBB9aQOSUsnZnbvtIU/eFpxWuzc3g.xN/Va5QGt5FWbJSh7P0vW', 'JbeIg9Mr5qXT1re61ngFnU2DB6XMLfRPtMQEV9qGyaneMrKdOwJSrtmlk1eL', '2016-09-04 18:24:59', '2017-01-02 21:50:01'),
(3, 'basic', 'basic@fincoda.com', 1, '$2y$10$VJ1.j0X2Ns2gXUHhBs5Ob.orTIrsug85qCSQd36tvzfababDw9OdS', 'EfOU2exBs3gA7SY3mRhDF1S8WBIIZ0X0zwJCFxiMXCpOQKgzn7kvtEPaYpPc', '2016-09-04 18:24:59', '2017-01-02 22:33:18'),
(15, 'dav', 'davis.kawalya@edu.turkuamk.fi', 1, '$2y$10$PWJmx4dIVIQkOn9yQ7/2e.RrOuMni5K/0knmxD1bPdxFbGKFo98VK', 'cfHmzzP3hF6LsxahZz2zqIYXaIUhp6hsgBwkvUWDe0QMQDvVahCGWJ149iOv', '2016-11-15 09:31:48', '2017-01-02 22:24:49'),
(16, 'dav', 'dav2@yahoo.coms', 1, '$2y$10$8ssO4p4nWZN/zkog31bWt.5gkarkW6XQrXiCuVuSXkiW08ngC2M1W', '7OJQUf7SkHG9Lsw2aRmnlgbbHSL95qH4dCQZTcp1BAWvURkAtXPU3tvtFjzf', '2016-11-15 09:32:40', '2017-01-02 22:26:18'),
(17, 'dav', 'dav3@yahoo.coms', 1, '$2y$10$PBZPCwtbEUqXmQeeyKWQ8.AzVrAZuEocNPfaaSJl504ySykwRy1dq', 'T7xjJIAW6oqbXLSNvEWxvvYGCpb9VauZBJCrOn42fboBpCwLwBu0EjJjIIMe', '2016-11-15 09:33:15', '2017-01-02 22:26:52'),
(18, 'dav', 'dav4@yahoo.coms', 1, '$2y$10$XEdiSkvjJFYlFFhCMv7tYOtBKkuhDauIPKfcDHIBcui9g29JYqiJO', 'eUsVpcTD9ocoWaUeYk0Ky1mTNNnMyNo9WlT7qqLpkY8JBKEufYyaBLqq7BWt', '2016-11-15 09:33:44', '2017-01-02 22:31:55'),
(19, 'dav', 'dav5@yahoo.coms', 1, '$2y$10$.zHdXynhWlde9hSDKHiJjegBUNnJCKwOMTV1PEVrXQaM3gg82owTm', 'dERRh6kqhYSnBg2eqRr5P8uyGeeMrmeay7rw2yCRyZPWtP8RxWbDS39LkJwu', '2016-11-15 09:34:04', '2016-12-01 12:36:56'),
(20, 'dav', 'dav6@yahoo.coms', 1, '$2y$10$KWrb57lTkGO1zmGXIVLOneRGTZX5QJgClcOkJ35dvWjt.ENhUAHOK', 'FKgKu2xtjJpeYipnpyHLqkNJdQTvXmd4v7WLgE6TWfdRSwHPdTTUlO5ZonWR', '2016-11-15 09:34:33', '2016-11-15 10:10:49'),
(21, 'dav', 'dav7@yahoo.coms', 1, '$2y$10$hoDB8JLvKK23bGfWsJNY.eK.bfee3fcfBQan0RaQp.Jc8KTkzRwvC', '0eVJ3M8Qqnwnbe8aPTMITFKRHbulF3tYPMNewyRddXprYgrcaCfbWlAlXg5m', '2016-11-15 09:35:04', '2016-11-30 22:17:06'),
(22, 'dav', 'dav8@yahoo.coms', 1, '$2y$10$RhAv.7VBId8UMVguzTqGQ.KzMEhcBwICHGDekC/NYpvBTGE5yx8x.', '9cwXpaGYiLBcc8Esj9dgZ18LT8JJP7KkztlmJIlltBdkv1BC4XXnFOXvQHz0', '2016-11-15 09:35:39', '2016-11-15 10:13:50'),
(23, 'dav', 'dav9@yahoo.coms', 1, '$2y$10$jocVMuYLutwmoBjttRYYCOifIQGhOT0wTPtsgBuy.h5gDe4DUtSAm', '2VpuVfBEwGKf1gX7fBn5ijTm4jRz5M5q64FpnwLrM8Bkp2j4uMfo1tloD7Vg', '2016-11-15 09:36:08', '2016-11-15 12:43:20'),
(27, 'kawalya', 'davis.kawalya@edu.turkuamk.fis', 5, '$2y$10$T8xlkKpfTyRN4qkmpppGh.USduGyVeY5LWv.1j8HzgWIxQ2MvmOQK', NULL, '2016-12-01 18:19:25', '2016-12-01 18:19:25'),
(28, 'd', 'davis.kawalya@edu.turkuamk.fiss', 7, '$2y$10$9rZIH0bWj.gDebgd5ILJwuxkXctat4a3nC59moxidev057RzL4at2', NULL, '2016-12-01 18:48:11', '2016-12-01 18:48:11');

-- --------------------------------------------------------

--
-- Table structure for table `user_groups`
--

CREATE TABLE `user_groups` (
  `id` int(10) UNSIGNED NOT NULL,
  `name` varchar(255) COLLATE utf8_unicode_ci NOT NULL,
  `description` text COLLATE utf8_unicode_ci NOT NULL,
  `company_id` int(10) UNSIGNED NOT NULL,
  `created_by` int(10) UNSIGNED NOT NULL,
  `administrator` int(10) UNSIGNED NOT NULL,
  `created_at` timestamp NULL DEFAULT NULL,
  `updated_at` timestamp NULL DEFAULT NULL
) ENGINE=InnoDB DEFAULT CHARSET=utf8 COLLATE=utf8_unicode_ci;

--
-- Dumping data for table `user_groups`
--

INSERT INTO `user_groups` (`id`, `name`, `description`, `company_id`, `created_by`, `administrator`, `created_at`, `updated_at`) VALUES
(19, 'special', '<p>special</p>\r\n', 1, 1, 2, '2016-11-15 12:37:46', '2016-11-15 12:37:46'),
(20, 'special2', '<p>special 2</p>\r\n', 1, 1, 2, '2016-12-01 12:42:04', '2016-12-01 12:42:04');

-- --------------------------------------------------------

--
-- Table structure for table `user_in_groups`
--

CREATE TABLE `user_in_groups` (
  `id` int(10) UNSIGNED NOT NULL,
  `user_id` int(10) UNSIGNED NOT NULL,
  `user_group_id` int(10) UNSIGNED NOT NULL,
  `created_at` timestamp NULL DEFAULT CURRENT_TIMESTAMP,
  `updated_at` timestamp NULL DEFAULT CURRENT_TIMESTAMP
) ENGINE=InnoDB DEFAULT CHARSET=utf8 COLLATE=utf8_unicode_ci;

--
-- Dumping data for table `user_in_groups`
--

INSERT INTO `user_in_groups` (`id`, `user_id`, `user_group_id`, `created_at`, `updated_at`) VALUES
(79, 15, 19, '2016-11-15 12:37:46', '2016-11-15 12:37:46'),
(80, 16, 19, '2016-11-15 12:37:46', '2016-11-15 12:37:46'),
(81, 17, 19, '2016-11-15 12:37:46', '2016-11-15 12:37:46'),
(82, 18, 19, '2016-11-15 12:37:46', '2016-11-15 12:37:46'),
(83, 19, 19, '2016-11-15 12:37:46', '2016-11-15 12:37:46'),
(84, 3, 19, '2016-11-15 12:37:46', '2016-11-15 12:37:46'),
(85, 20, 19, '2016-11-21 11:55:47', '2016-11-21 11:55:47'),
(86, 21, 19, '2016-11-21 11:55:47', '2016-11-21 11:55:47'),
(87, 15, 20, '2016-12-01 12:42:04', '2016-12-01 12:42:04'),
(88, 16, 20, '2016-12-01 12:42:04', '2016-12-01 12:42:04'),
(89, 17, 20, '2016-12-01 12:42:04', '2016-12-01 12:42:04'),
(90, 18, 20, '2016-12-01 12:42:04', '2016-12-01 12:42:04'),
(91, 19, 20, '2016-12-01 12:42:04', '2016-12-01 12:42:04'),
(92, 3, 20, '2016-12-01 12:42:05', '2016-12-01 12:42:05');

-- --------------------------------------------------------

--
-- Table structure for table `user_profiles`
--

CREATE TABLE `user_profiles` (
  `id` int(10) UNSIGNED NOT NULL,
  `user_id` int(10) UNSIGNED NOT NULL,
  `gender` varchar(255) COLLATE utf8_unicode_ci NOT NULL,
  `dob` date NOT NULL,
  `country` varchar(255) COLLATE utf8_unicode_ci NOT NULL,
  `city` varchar(255) COLLATE utf8_unicode_ci NOT NULL,
  `street` varchar(255) COLLATE utf8_unicode_ci NOT NULL,
  `phone` int(11) NOT NULL,
  `hired_date` date NOT NULL,
  `created_at` timestamp NULL DEFAULT NULL,
  `updated_at` timestamp NULL DEFAULT NULL
) ENGINE=InnoDB DEFAULT CHARSET=utf8 COLLATE=utf8_unicode_ci;

--
-- Dumping data for table `user_profiles`
--

INSERT INTO `user_profiles` (`id`, `user_id`, `gender`, `dob`, `country`, `city`, `street`, `phone`, `hired_date`, `created_at`, `updated_at`) VALUES
(15, 15, 'male', '0000-00-00', 'Ascension Island', '', '', 0, '0000-00-00', '2016-11-15 09:31:48', '2016-11-15 09:38:18'),
(16, 16, '', '0000-00-00', '', '', '', 0, '0000-00-00', '2016-11-15 09:32:40', '2016-11-15 09:32:40'),
(17, 17, '', '0000-00-00', '', '', '', 0, '0000-00-00', '2016-11-15 09:33:15', '2016-11-15 09:33:15'),
(18, 18, '', '0000-00-00', '', '', '', 0, '0000-00-00', '2016-11-15 09:33:44', '2016-11-15 09:33:44'),
(19, 19, '', '0000-00-00', '', '', '', 0, '0000-00-00', '2016-11-15 09:34:04', '2016-11-15 09:34:04'),
(20, 20, '', '0000-00-00', '', '', '', 0, '0000-00-00', '2016-11-15 09:34:33', '2016-11-15 09:34:33'),
(21, 21, '', '0000-00-00', '', '', '', 0, '0000-00-00', '2016-11-15 09:35:04', '2016-11-15 09:35:04'),
(22, 22, '', '0000-00-00', '', '', '', 0, '0000-00-00', '2016-11-15 09:35:39', '2016-11-15 09:35:39'),
(23, 23, '', '0000-00-00', '', '', '', 0, '0000-00-00', '2016-11-15 09:36:09', '2016-11-15 09:36:09'),
(25, 1, 'male', '0000-00-00', 'Ascension Island', '', '', 0, '0000-00-00', '2016-11-15 09:31:48', '2016-11-15 09:38:18'),
(26, 2, 'male', '0000-00-00', 'Ascension Island', '', '', 0, '0000-00-00', '2016-11-15 09:31:48', '2016-11-15 09:38:18'),
(27, 3, 'male', '0000-00-00', 'Ascension Island', '', '', 0, '0000-00-00', '2016-11-15 09:31:48', '2016-11-15 09:38:18'),
(31, 27, '', '0000-00-00', '', '', '', 0, '0000-00-00', '2016-12-01 18:19:25', '2016-12-01 18:19:25'),
(32, 28, '', '0000-00-00', '', '', '', 0, '0000-00-00', '2016-12-01 18:48:11', '2016-12-01 18:48:11');

--
-- Indexes for dumped tables
--

--
-- Indexes for table `companies`
--
ALTER TABLE `companies`
  ADD PRIMARY KEY (`id`),
  ADD UNIQUE KEY `companies_company_code_unique` (`company_code`),
  ADD UNIQUE KEY `companies_slug_unique` (`slug`);

--
-- Indexes for table `company_profiles`
--
ALTER TABLE `company_profiles`
  ADD PRIMARY KEY (`id`),
  ADD KEY `company_profiles_company_id_foreign` (`company_id`);

--
-- Indexes for table `indicators`
--
ALTER TABLE `indicators`
  ADD PRIMARY KEY (`id`),
  ADD UNIQUE KEY `indicators_indicator_unique` (`indicator`),
  ADD KEY `indicators_group_id_foreign` (`group_id`);

--
-- Indexes for table `indicator_groups`
--
ALTER TABLE `indicator_groups`
  ADD PRIMARY KEY (`id`);

--
-- Indexes for table `participants`
--
ALTER TABLE `participants`
  ADD PRIMARY KEY (`id`),
  ADD KEY `participants_survey_id_index` (`survey_id`),
  ADD KEY `participants_user_id_index` (`user_id`);

--
-- Indexes for table `password_resets`
--
ALTER TABLE `password_resets`
  ADD KEY `password_resets_email_index` (`email`),
  ADD KEY `password_resets_token_index` (`token`);

--
-- Indexes for table `peer_results`
--
ALTER TABLE `peer_results`
  ADD PRIMARY KEY (`id`),
  ADD UNIQUE KEY `peer_survey_id` (`peer_survey_id`,`user_id`,`peer_id`,`indicator_id`),
  ADD KEY `peer_results_peer_survey_id_foreign` (`peer_survey_id`),
  ADD KEY `peer_results_indicator_id_foreign` (`indicator_id`),
  ADD KEY `peer_results_user_id_fk` (`user_id`),
  ADD KEY `peer_results_peer_id_fk` (`peer_id`);

--
-- Indexes for table `peer_surveys`
--
ALTER TABLE `peer_surveys`
  ADD PRIMARY KEY (`id`),
  ADD UNIQUE KEY `survey_id` (`survey_id`,`peer_id`,`user_id`),
  ADD KEY `peer_surveys_survey_id_foreign` (`survey_id`),
  ADD KEY `peer_surveys_peer_id_foreign` (`peer_id`),
  ADD KEY `peer_surveys_user_id_foreign` (`user_id`);

--
-- Indexes for table `permissions`
--
ALTER TABLE `permissions`
  ADD PRIMARY KEY (`id`),
  ADD UNIQUE KEY `permissions_name_unique` (`name`);

--
-- Indexes for table `permission_role`
--
ALTER TABLE `permission_role`
  ADD PRIMARY KEY (`permission_id`,`role_id`),
  ADD KEY `permission_role_role_id_foreign` (`role_id`);

--
-- Indexes for table `results`
--
ALTER TABLE `results`
  ADD PRIMARY KEY (`id`),
  ADD KEY `results_survey_id_foreign` (`survey_id`),
  ADD KEY `results_indicator_id_foreign` (`indicator_id`),
  ADD KEY `results_user_id_foreign` (`user_id`);

--
-- Indexes for table `roles`
--
ALTER TABLE `roles`
  ADD PRIMARY KEY (`id`),
  ADD UNIQUE KEY `roles_name_unique` (`name`);

--
-- Indexes for table `role_user`
--
ALTER TABLE `role_user`
  ADD PRIMARY KEY (`user_id`,`role_id`),
  ADD KEY `role_user_role_id_foreign` (`role_id`);

--
-- Indexes for table `surveys`
--
ALTER TABLE `surveys`
  ADD PRIMARY KEY (`id`),
  ADD KEY `surveys_user_id_foreign` (`user_id`),
  ADD KEY `surveys_type_id_foreign` (`type_id`),
  ADD KEY `surveys_company_id_foreign` (`company_id`),
  ADD KEY `surveys_category_id_foreign` (`category_id`),
  ADD KEY `surveys_user_groups_fk` (`user_group_id`);

--
-- Indexes for table `survey_categories`
--
ALTER TABLE `survey_categories`
  ADD PRIMARY KEY (`id`);

--
-- Indexes for table `survey_types`
--
ALTER TABLE `survey_types`
  ADD PRIMARY KEY (`id`),
  ADD UNIQUE KEY `survey_types_name_unique` (`name`);

--
-- Indexes for table `users`
--
ALTER TABLE `users`
  ADD PRIMARY KEY (`id`),
  ADD UNIQUE KEY `users_email_unique` (`email`);

--
-- Indexes for table `user_groups`
--
ALTER TABLE `user_groups`
  ADD PRIMARY KEY (`id`),
  ADD KEY `user_groups_company_id_foreign` (`company_id`),
  ADD KEY `user_groups_created_by_foreign` (`created_by`),
  ADD KEY `user_groups_administrator_foreign` (`administrator`);

--
-- Indexes for table `user_in_groups`
--
ALTER TABLE `user_in_groups`
  ADD PRIMARY KEY (`id`),
  ADD UNIQUE KEY `user_id_group_id` (`user_id`,`user_group_id`),
  ADD KEY `user_in_groups_user_id_foreign` (`user_id`),
  ADD KEY `user_in_groups_user_group_id_foreign` (`user_group_id`);

--
-- Indexes for table `user_profiles`
--
ALTER TABLE `user_profiles`
  ADD PRIMARY KEY (`id`),
  ADD KEY `user_profiles_user_id_foreign` (`user_id`);

--
-- AUTO_INCREMENT for dumped tables
--

--
-- AUTO_INCREMENT for table `companies`
--
ALTER TABLE `companies`
  MODIFY `id` int(10) UNSIGNED NOT NULL AUTO_INCREMENT, AUTO_INCREMENT=8;
--
-- AUTO_INCREMENT for table `company_profiles`
--
ALTER TABLE `company_profiles`
  MODIFY `id` int(10) UNSIGNED NOT NULL AUTO_INCREMENT, AUTO_INCREMENT=7;
--
-- AUTO_INCREMENT for table `indicators`
--
ALTER TABLE `indicators`
  MODIFY `id` int(10) UNSIGNED NOT NULL AUTO_INCREMENT, AUTO_INCREMENT=35;
--
-- AUTO_INCREMENT for table `indicator_groups`
--
ALTER TABLE `indicator_groups`
  MODIFY `id` int(10) UNSIGNED NOT NULL AUTO_INCREMENT, AUTO_INCREMENT=6;
--
-- AUTO_INCREMENT for table `participants`
--
ALTER TABLE `participants`
  MODIFY `id` int(10) UNSIGNED NOT NULL AUTO_INCREMENT, AUTO_INCREMENT=197;
--
-- AUTO_INCREMENT for table `peer_results`
--
ALTER TABLE `peer_results`
  MODIFY `id` int(10) UNSIGNED NOT NULL AUTO_INCREMENT, AUTO_INCREMENT=3163;
--
-- AUTO_INCREMENT for table `peer_surveys`
--
ALTER TABLE `peer_surveys`
  MODIFY `id` int(10) UNSIGNED NOT NULL AUTO_INCREMENT, AUTO_INCREMENT=168;
--
-- AUTO_INCREMENT for table `permissions`
--
ALTER TABLE `permissions`
  MODIFY `id` int(10) UNSIGNED NOT NULL AUTO_INCREMENT;
--
-- AUTO_INCREMENT for table `results`
--
ALTER TABLE `results`
  MODIFY `id` int(10) UNSIGNED NOT NULL AUTO_INCREMENT, AUTO_INCREMENT=1769;
--
-- AUTO_INCREMENT for table `roles`
--
ALTER TABLE `roles`
  MODIFY `id` int(10) UNSIGNED NOT NULL AUTO_INCREMENT, AUTO_INCREMENT=4;
--
-- AUTO_INCREMENT for table `surveys`
--
ALTER TABLE `surveys`
  MODIFY `id` int(10) UNSIGNED NOT NULL AUTO_INCREMENT, AUTO_INCREMENT=119;
--
-- AUTO_INCREMENT for table `survey_categories`
--
ALTER TABLE `survey_categories`
  MODIFY `id` int(10) UNSIGNED NOT NULL AUTO_INCREMENT, AUTO_INCREMENT=3;
--
-- AUTO_INCREMENT for table `survey_types`
--
ALTER TABLE `survey_types`
  MODIFY `id` int(10) UNSIGNED NOT NULL AUTO_INCREMENT, AUTO_INCREMENT=3;
--
-- AUTO_INCREMENT for table `users`
--
ALTER TABLE `users`
  MODIFY `id` int(10) UNSIGNED NOT NULL AUTO_INCREMENT, AUTO_INCREMENT=29;
--
-- AUTO_INCREMENT for table `user_groups`
--
ALTER TABLE `user_groups`
  MODIFY `id` int(10) UNSIGNED NOT NULL AUTO_INCREMENT, AUTO_INCREMENT=21;
--
-- AUTO_INCREMENT for table `user_in_groups`
--
ALTER TABLE `user_in_groups`
  MODIFY `id` int(10) UNSIGNED NOT NULL AUTO_INCREMENT, AUTO_INCREMENT=93;
--
-- AUTO_INCREMENT for table `user_profiles`
--
ALTER TABLE `user_profiles`
  MODIFY `id` int(10) UNSIGNED NOT NULL AUTO_INCREMENT, AUTO_INCREMENT=33;
--
-- Constraints for dumped tables
--

--
-- Constraints for table `company_profiles`
--
ALTER TABLE `company_profiles`
  ADD CONSTRAINT `company_profiles_company_id_foreign` FOREIGN KEY (`company_id`) REFERENCES `companies` (`id`) ON DELETE CASCADE;

--
-- Constraints for table `indicators`
--
ALTER TABLE `indicators`
  ADD CONSTRAINT `indicators_group_id_foreign` FOREIGN KEY (`group_id`) REFERENCES `indicator_groups` (`id`) ON DELETE CASCADE;

--
-- Constraints for table `participants`
--
ALTER TABLE `participants`
  ADD CONSTRAINT `participants_survey_id_foreign` FOREIGN KEY (`survey_id`) REFERENCES `surveys` (`id`) ON DELETE CASCADE,
  ADD CONSTRAINT `participants_user_id_foreign` FOREIGN KEY (`user_id`) REFERENCES `users` (`id`) ON DELETE CASCADE;

--
-- Constraints for table `peer_results`
--
ALTER TABLE `peer_results`
  ADD CONSTRAINT `peer_results_indicator_id_foreign` FOREIGN KEY (`indicator_id`) REFERENCES `indicators` (`id`) ON DELETE CASCADE,
  ADD CONSTRAINT `peer_results_peer_id_fk` FOREIGN KEY (`peer_id`) REFERENCES `users` (`id`),
  ADD CONSTRAINT `peer_results_survey_id_fk` FOREIGN KEY (`peer_survey_id`) REFERENCES `surveys` (`id`),
  ADD CONSTRAINT `peer_results_user_id_fk` FOREIGN KEY (`user_id`) REFERENCES `users` (`id`) ON UPDATE CASCADE;

--
-- Constraints for table `peer_surveys`
--
ALTER TABLE `peer_surveys`
  ADD CONSTRAINT `peer_surveys_peer_id_foreign` FOREIGN KEY (`peer_id`) REFERENCES `users` (`id`) ON DELETE CASCADE,
  ADD CONSTRAINT `peer_surveys_survey_id_foreign` FOREIGN KEY (`survey_id`) REFERENCES `surveys` (`id`) ON DELETE CASCADE,
  ADD CONSTRAINT `peer_surveys_user_id_foreign` FOREIGN KEY (`user_id`) REFERENCES `users` (`id`) ON DELETE CASCADE;

--
-- Constraints for table `permission_role`
--
ALTER TABLE `permission_role`
  ADD CONSTRAINT `permission_role_permission_id_foreign` FOREIGN KEY (`permission_id`) REFERENCES `permissions` (`id`) ON DELETE CASCADE ON UPDATE CASCADE,
  ADD CONSTRAINT `permission_role_role_id_foreign` FOREIGN KEY (`role_id`) REFERENCES `roles` (`id`) ON DELETE CASCADE ON UPDATE CASCADE;

--
-- Constraints for table `results`
--
ALTER TABLE `results`
  ADD CONSTRAINT `results_indicator_id_foreign` FOREIGN KEY (`indicator_id`) REFERENCES `indicators` (`id`) ON DELETE CASCADE,
  ADD CONSTRAINT `results_survey_id_foreign` FOREIGN KEY (`survey_id`) REFERENCES `surveys` (`id`) ON DELETE CASCADE,
  ADD CONSTRAINT `results_user_id_foreign` FOREIGN KEY (`user_id`) REFERENCES `users` (`id`) ON DELETE CASCADE;

--
-- Constraints for table `role_user`
--
ALTER TABLE `role_user`
  ADD CONSTRAINT `role_user_role_id_foreign` FOREIGN KEY (`role_id`) REFERENCES `roles` (`id`) ON DELETE CASCADE ON UPDATE CASCADE,
  ADD CONSTRAINT `role_user_user_id_foreign` FOREIGN KEY (`user_id`) REFERENCES `users` (`id`) ON DELETE CASCADE ON UPDATE CASCADE;

--
-- Constraints for table `surveys`
--
ALTER TABLE `surveys`
  ADD CONSTRAINT `surveys_category_id_foreign` FOREIGN KEY (`category_id`) REFERENCES `survey_categories` (`id`) ON DELETE CASCADE,
  ADD CONSTRAINT `surveys_company_id_foreign` FOREIGN KEY (`company_id`) REFERENCES `companies` (`id`),
  ADD CONSTRAINT `surveys_type_id_foreign` FOREIGN KEY (`type_id`) REFERENCES `survey_types` (`id`) ON DELETE CASCADE,
  ADD CONSTRAINT `surveys_user_groups_fk` FOREIGN KEY (`user_group_id`) REFERENCES `user_groups` (`id`),
  ADD CONSTRAINT `surveys_user_id_foreign` FOREIGN KEY (`user_id`) REFERENCES `users` (`id`);

--
-- Constraints for table `user_groups`
--
ALTER TABLE `user_groups`
  ADD CONSTRAINT `user_groups_administrator_foreign` FOREIGN KEY (`administrator`) REFERENCES `users` (`id`),
  ADD CONSTRAINT `user_groups_company_id_foreign` FOREIGN KEY (`company_id`) REFERENCES `companies` (`id`),
  ADD CONSTRAINT `user_groups_created_by_foreign` FOREIGN KEY (`created_by`) REFERENCES `users` (`id`);

--
-- Constraints for table `user_in_groups`
--
ALTER TABLE `user_in_groups`
  ADD CONSTRAINT `user_in_groups_user_group_id_foreign` FOREIGN KEY (`user_group_id`) REFERENCES `user_groups` (`id`),
  ADD CONSTRAINT `user_in_groups_user_id_foreign` FOREIGN KEY (`user_id`) REFERENCES `users` (`id`);

--
-- Constraints for table `user_profiles`
--
ALTER TABLE `user_profiles`
  ADD CONSTRAINT `user_profiles_user_id_foreign` FOREIGN KEY (`user_id`) REFERENCES `users` (`id`) ON DELETE CASCADE;

/*!40101 SET CHARACTER_SET_CLIENT=@OLD_CHARACTER_SET_CLIENT */;
/*!40101 SET CHARACTER_SET_RESULTS=@OLD_CHARACTER_SET_RESULTS */;
/*!40101 SET COLLATION_CONNECTION=@OLD_COLLATION_CONNECTION */;
